<?xml version="1.0" encoding="utf-8"?>
<!DOCTYPE score-partwise  PUBLIC "-//Recordare//DTD MusicXML 4.0 Partwise//EN" "http://www.musicxml.org/dtds/partwise.dtd">
<score-partwise version="4.0">
  <work>
    <work-title>Lass rauschen!</work-title>
  </work>
  <movement-title>Lass rauschen!</movement-title>
  <identification>
    <creator type="electronicEditor">Helmut Schaffrath</creator>
    <encoding>
      <encoding-date>2024-04-06</encoding-date>
      <software>music21 v.9.1.0</software>
    </encoding>
    <miscellaneous>
      <miscellaneous-field name="humdrum:ARE">Europa, Mitteleuropa, Deutschland</miscellaneous-field>
      <miscellaneous-field name="humdrum:SCT">A0179</miscellaneous-field>
      <miscellaneous-field name="humdrum:YEM">Copyright 1995, estate of Helmut Schaffrath.</miscellaneous-field>
      <miscellaneous-field name="humdrum:AGN">Romanze, Ballade, Lied</miscellaneous-field>
      <miscellaneous-field name="humdrum:ONB">ESAC (Essen Associative Code) Database: ALTDEU</miscellaneous-field>
      <miscellaneous-field name="humdrum:AMT">irregular</miscellaneous-field>
      <miscellaneous-field name="humdrum:AIN">vox</miscellaneous-field>
      <miscellaneous-field name="humdrum:EEV">1.0</miscellaneous-field>
    </miscellaneous>
  </identification>
  <defaults>
    <scaling>
      <millimeters>7</millimeters>
      <tenths>40</tenths>
    </scaling>
  </defaults>
  <part-list>
    <score-part id="Pe803184e7c638936cbd0e78e5f1981df">
      <part-name>Voice</part-name>
      <part-abbreviation>V</part-abbreviation>
      <score-instrument id="I2be2f32c2a960d45d0d5d6a0e00fcb8f">
        <instrument-name>Voice</instrument-name>
        <instrument-abbreviation>V</instrument-abbreviation>
      </score-instrument>
      <midi-instrument id="I2be2f32c2a960d45d0d5d6a0e00fcb8f">
        <midi-channel>1</midi-channel>
        <midi-program>54</midi-program>
      </midi-instrument>
    </score-part>
  </part-list>
  <!--=========================== Part 1 ===========================-->
  <part id="Pe803184e7c638936cbd0e78e5f1981df">
    <!--========================= Measure 0 ==========================-->
    <measure implicit="no" number="0">
      <attributes>
        <divisions>10080</divisions>
        <key>
          <fifths>1</fifths>
        </key>
        <time>
          <beats>3</beats>
          <beat-type>2</beat-type>
        </time>
      </attributes>
      <note>
        <pitch>
          <step>G</step>
          <octave>4</octave>
        </pitch>
        <duration>20160</duration>
        <instrument id="I2be2f32c2a960d45d0d5d6a0e00fcb8f" />
        <type>half</type>
      </note>
    </measure>
    <!--========================= Measure 1 ==========================-->
    <measure implicit="no" number="1">
      <note>
        <pitch>
          <step>G</step>
          <octave>4</octave>
        </pitch>
        <duration>40320</duration>
        <instrument id="I2be2f32c2a960d45d0d5d6a0e00fcb8f" />
        <type>whole</type>
      </note>
      <note>
        <pitch>
          <step>D</step>
          <octave>5</octave>
        </pitch>
        <duration>20160</duration>
        <tie type="start" />
        <instrument id="I2be2f32c2a960d45d0d5d6a0e00fcb8f" />
        <type>half</type>
        <notations>
          <tied type="start" />
        </notations>
      </note>
      <barline location="right">
        <bar-style>regular</bar-style>
      </barline>
    </measure>
    <!--========================= Measure 2 ==========================-->
    <measure implicit="no" number="2">
      <note>
        <pitch>
          <step>D</step>
          <octave>5</octave>
        </pitch>
        <duration>20160</duration>
        <tie type="stop" />
        <instrument id="I2be2f32c2a960d45d0d5d6a0e00fcb8f" />
        <type>half</type>
        <notations>
          <tied type="stop" />
        </notations>
      </note>
      <note>
        <pitch>
          <step>E</step>
          <octave>5</octave>
        </pitch>
        <duration>40320</duration>
        <instrument id="I2be2f32c2a960d45d0d5d6a0e00fcb8f" />
        <type>whole</type>
      </note>
      <note>
        <pitch>
          <step>D</step>
          <octave>5</octave>
        </pitch>
        <duration>20160</duration>
        <tie type="start" />
        <instrument id="I2be2f32c2a960d45d0d5d6a0e00fcb8f" />
        <type>half</type>
        <notations>
          <tied type="start" />
        </notations>
      </note>
      <barline location="right">
        <bar-style>regular</bar-style>
      </barline>
    </measure>
    <!--========================= Measure 3 ==========================-->
    <measure implicit="no" number="3">
      <note>
        <pitch>
          <step>D</step>
          <octave>5</octave>
        </pitch>
        <duration>20160</duration>
        <tie type="stop" />
        <instrument id="I2be2f32c2a960d45d0d5d6a0e00fcb8f" />
        <type>half</type>
        <notations>
          <tied type="stop" />
        </notations>
      </note>
      <note>
        <pitch>
          <step>C</step>
          <octave>5</octave>
        </pitch>
        <duration>60480</duration>
        <instrument id="I2be2f32c2a960d45d0d5d6a0e00fcb8f" />
        <type>whole</type>
        <dot />
      </note>
      <note>
        <pitch>
          <step>C</step>
          <octave>5</octave>
        </pitch>
        <duration>10080</duration>
        <instrument id="I2be2f32c2a960d45d0d5d6a0e00fcb8f" />
        <type>quarter</type>
      </note>
      <note>
        <pitch>
          <step>B</step>
          <octave>4</octave>
        </pitch>
        <duration>10080</duration>
        <instrument id="I2be2f32c2a960d45d0d5d6a0e00fcb8f" />
        <type>quarter</type>
      </note>
      <barline location="right">
        <bar-style>regular</bar-style>
      </barline>
    </measure>
    <!--========================= Measure 4 ==========================-->
    <measure implicit="no" number="4">
      <note>
        <pitch>
          <step>A</step>
          <octave>4</octave>
        </pitch>
        <duration>40320</duration>
        <instrument id="I2be2f32c2a960d45d0d5d6a0e00fcb8f" />
        <type>whole</type>
      </note>
      <note>
        <rest />
        <duration>20160</duration>
        <type>half</type>
      </note>
      <barline location="right">
        <bar-style>regular</bar-style>
      </barline>
    </measure>
    <!--========================= Measure 5 ==========================-->
    <measure implicit="no" number="5">
      <note>
        <pitch>
          <step>A</step>
          <octave>4</octave>
        </pitch>
        <duration>20160</duration>
        <instrument id="I2be2f32c2a960d45d0d5d6a0e00fcb8f" />
        <type>half</type>
      </note>
      <note print-object="no" print-spacing="yes">
        <rest />
        <duration>40320</duration>
        <type>whole</type>
      </note>
      <barline location="right">
        <bar-style>regular</bar-style>
      </barline>
    </measure>
    <!--========================= Measure 6 ==========================-->
    <measure implicit="no" number="6">
      <attributes>
        <time>
          <beats>4</beats>
          <beat-type>2</beat-type>
        </time>
      </attributes>
      <note>
        <pitch>
          <step>C</step>
          <octave>5</octave>
        </pitch>
        <duration>40320</duration>
        <instrument id="I2be2f32c2a960d45d0d5d6a0e00fcb8f" />
        <type>whole</type>
      </note>
      <note>
        <pitch>
          <step>C</step>
          <octave>5</octave>
        </pitch>
        <duration>40320</duration>
        <instrument id="I2be2f32c2a960d45d0d5d6a0e00fcb8f" />
        <type>whole</type>
      </note>
      <barline location="right">
        <bar-style>regular</bar-style>
      </barline>
    </measure>
    <!--========================= Measure 7 ==========================-->
    <measure implicit="no" number="7">
      <note>
        <pitch>
          <step>C</step>
          <octave>5</octave>
        </pitch>
        <duration>40320</duration>
        <instrument id="I2be2f32c2a960d45d0d5d6a0e00fcb8f" />
        <type>whole</type>
      </note>
      <note>
        <pitch>
          <step>B</step>
          <octave>4</octave>
        </pitch>
        <duration>40320</duration>
        <instrument id="I2be2f32c2a960d45d0d5d6a0e00fcb8f" />
        <type>whole</type>
      </note>
      <barline location="right">
        <bar-style>regular</bar-style>
      </barline>
    </measure>
    <!--========================= Measure 8 ==========================-->
    <measure implicit="no" number="8">
      <note>
        <pitch>
          <step>A</step>
          <octave>4</octave>
        </pitch>
        <duration>30240</duration>
        <instrument id="I2be2f32c2a960d45d0d5d6a0e00fcb8f" />
        <type>half</type>
        <dot />
      </note>
      <note>
        <pitch>
          <step>B</step>
          <octave>4</octave>
        </pitch>
        <duration>10080</duration>
        <instrument id="I2be2f32c2a960d45d0d5d6a0e00fcb8f" />
        <type>quarter</type>
      </note>
      <note>
        <pitch>
          <step>C</step>
          <octave>5</octave>
        </pitch>
        <duration>30240</duration>
        <instrument id="I2be2f32c2a960d45d0d5d6a0e00fcb8f" />
        <type>half</type>
        <dot />
      </note>
      <note>
        <pitch>
          <step>B</step>
          <octave>4</octave>
        </pitch>
        <duration>5040</duration>
        <instrument id="I2be2f32c2a960d45d0d5d6a0e00fcb8f" />
        <type>eighth</type>
        <beam number="1">begin</beam>
      </note>
      <note>
        <pitch>
          <step>C</step>
          <octave>5</octave>
        </pitch>
        <duration>5040</duration>
        <instrument id="I2be2f32c2a960d45d0d5d6a0e00fcb8f" />
        <type>eighth</type>
        <beam number="1">end</beam>
      </note>
      <barline location="right">
        <bar-style>regular</bar-style>
      </barline>
    </measure>
    <!--========================= Measure 9 ==========================-->
    <measure implicit="no" number="9">
      <attributes>
        <time>
          <beats>3</beats>
          <beat-type>2</beat-type>
        </time>
      </attributes>
      <note>
        <pitch>
          <step>D</step>
          <octave>5</octave>
        </pitch>
        <duration>40320</duration>
        <instrument id="I2be2f32c2a960d45d0d5d6a0e00fcb8f" />
        <type>whole</type>
      </note>
      <note>
        <rest />
        <duration>20160</duration>
        <type>half</type>
      </note>
      <barline location="right">
        <bar-style>regular</bar-style>
      </barline>
    </measure>
    <!--========================= Measure 10 =========================-->
    <measure implicit="no" number="10">
      <note>
        <pitch>
          <step>D</step>
          <octave>5</octave>
        </pitch>
        <duration>20160</duration>
        <instrument id="I2be2f32c2a960d45d0d5d6a0e00fcb8f" />
        <type>half</type>
      </note>
      <note print-object="no" print-spacing="yes">
        <rest />
        <duration>40320</duration>
        <type>whole</type>
      </note>
      <barline location="right">
        <bar-style>regular</bar-style>
      </barline>
    </measure>
    <!--========================= Measure 11 =========================-->
    <measure implicit="no" number="11">
      <attributes>
        <time>
          <beats>4</beats>
          <beat-type>2</beat-type>
        </time>
      </attributes>
      <note>
        <pitch>
          <step>G</step>
          <octave>4</octave>
        </pitch>
        <duration>40320</duration>
        <instrument id="I2be2f32c2a960d45d0d5d6a0e00fcb8f" />
        <type>whole</type>
      </note>
      <note>
        <pitch>
          <step>A</step>
          <octave>4</octave>
        </pitch>
        <duration>20160</duration>
        <instrument id="I2be2f32c2a960d45d0d5d6a0e00fcb8f" />
        <type>half</type>
      </note>
      <note>
        <pitch>
          <step>A</step>
          <octave>4</octave>
        </pitch>
        <duration>20160</duration>
        <instrument id="I2be2f32c2a960d45d0d5d6a0e00fcb8f" />
        <type>half</type>
      </note>
      <barline location="right">
        <bar-style>regular</bar-style>
      </barline>
    </measure>
    <!--========================= Measure 12 =========================-->
    <measure implicit="no" number="12">
      <note>
        <pitch>
          <step>B</step>
          <octave>4</octave>
        </pitch>
        <duration>40320</duration>
        <instrument id="I2be2f32c2a960d45d0d5d6a0e00fcb8f" />
        <type>whole</type>
      </note>
      <note>
        <pitch>
          <step>C</step>
          <octave>5</octave>
        </pitch>
        <duration>20160</duration>
        <instrument id="I2be2f32c2a960d45d0d5d6a0e00fcb8f" />
        <type>half</type>
      </note>
      <note>
        <pitch>
          <step>C</step>
          <octave>5</octave>
        </pitch>
        <duration>20160</duration>
        <instrument id="I2be2f32c2a960d45d0d5d6a0e00fcb8f" />
        <type>half</type>
      </note>
      <barline location="right">
        <bar-style>regular</bar-style>
      </barline>
    </measure>
    <!--========================= Measure 13 =========================-->
    <measure implicit="no" number="13">
      <note>
        <pitch>
          <step>A</step>
          <octave>4</octave>
        </pitch>
        <duration>30240</duration>
        <instrument id="I2be2f32c2a960d45d0d5d6a0e00fcb8f" />
        <type>half</type>
        <dot />
      </note>
      <note>
        <pitch>
          <step>G</step>
          <octave>4</octave>
        </pitch>
        <duration>10080</duration>
        <instrument id="I2be2f32c2a960d45d0d5d6a0e00fcb8f" />
        <type>quarter</type>
      </note>
      <note>
        <pitch>
          <step>F</step>
          <alter>1</alter>
          <octave>4</octave>
        </pitch>
        <duration>30240</duration>
        <instrument id="I2be2f32c2a960d45d0d5d6a0e00fcb8f" />
        <type>half</type>
        <dot />
      </note>
      <note>
        <pitch>
          <step>E</step>
          <octave>4</octave>
        </pitch>
        <duration>10080</duration>
        <instrument id="I2be2f32c2a960d45d0d5d6a0e00fcb8f" />
        <type>quarter</type>
      </note>
      <barline location="right">
        <bar-style>regular</bar-style>
      </barline>
    </measure>
    <!--========================= Measure 14 =========================-->
    <measure implicit="no" number="14">
      <attributes>
        <time>
          <beats>3</beats>
          <beat-type>2</beat-type>
        </time>
      </attributes>
      <note>
        <pitch>
          <step>D</step>
          <octave>4</octave>
        </pitch>
        <duration>40320</duration>
        <instrument id="I2be2f32c2a960d45d0d5d6a0e00fcb8f" />
        <type>whole</type>
      </note>
      <note>
        <rest />
        <duration>20160</duration>
        <type>half</type>
      </note>
      <barline location="right">
        <bar-style>regular</bar-style>
      </barline>
    </measure>
    <!--========================= Measure 15 =========================-->
    <measure implicit="no" number="15">
      <note>
        <pitch>
          <step>D</step>
          <octave>4</octave>
        </pitch>
        <duration>20160</duration>
        <instrument id="I2be2f32c2a960d45d0d5d6a0e00fcb8f" />
        <type>half</type>
      </note>
      <note print-object="no" print-spacing="yes">
        <rest />
        <duration>40320</duration>
        <type>whole</type>
      </note>
      <barline location="right">
        <bar-style>regular</bar-style>
      </barline>
    </measure>
    <!--========================= Measure 16 =========================-->
    <measure implicit="no" number="16">
      <attributes>
        <time>
          <beats>4</beats>
          <beat-type>2</beat-type>
        </time>
      </attributes>
      <note>
        <pitch>
          <step>A</step>
          <octave>4</octave>
        </pitch>
        <duration>30240</duration>
        <instrument id="I2be2f32c2a960d45d0d5d6a0e00fcb8f" />
        <type>half</type>
        <dot />
      </note>
      <note>
        <pitch>
          <step>B</step>
          <octave>4</octave>
        </pitch>
        <duration>10080</duration>
        <instrument id="I2be2f32c2a960d45d0d5d6a0e00fcb8f" />
        <type>quarter</type>
      </note>
      <note>
        <pitch>
          <step>C</step>
          <octave>5</octave>
        </pitch>
        <duration>30240</duration>
        <instrument id="I2be2f32c2a960d45d0d5d6a0e00fcb8f" />
        <type>half</type>
        <dot />
      </note>
      <note>
        <pitch>
          <step>B</step>
          <octave>4</octave>
        </pitch>
        <duration>5040</duration>
        <instrument id="I2be2f32c2a960d45d0d5d6a0e00fcb8f" />
        <type>eighth</type>
        <beam number="1">begin</beam>
      </note>
      <note>
        <pitch>
          <step>C</step>
          <octave>5</octave>
        </pitch>
        <duration>5040</duration>
        <instrument id="I2be2f32c2a960d45d0d5d6a0e00fcb8f" />
        <type>eighth</type>
        <beam number="1">end</beam>
      </note>
      <barline location="right">
        <bar-style>regular</bar-style>
      </barline>
    </measure>
    <!--========================= Measure 17 =========================-->
    <measure implicit="no" number="17">
      <attributes>
        <time>
          <beats>3</beats>
          <beat-type>2</beat-type>
        </time>
      </attributes>
      <note>
        <pitch>
          <step>D</step>
          <octave>5</octave>
        </pitch>
        <duration>40320</duration>
        <instrument id="I2be2f32c2a960d45d0d5d6a0e00fcb8f" />
        <type>whole</type>
      </note>
      <note>
        <rest />
        <duration>20160</duration>
        <type>half</type>
      </note>
      <barline location="right">
        <bar-style>regular</bar-style>
      </barline>
    </measure>
    <!--========================= Measure 18 =========================-->
    <measure implicit="no" number="18">
      <note>
        <pitch>
          <step>E</step>
          <octave>5</octave>
        </pitch>
        <duration>20160</duration>
        <instrument id="I2be2f32c2a960d45d0d5d6a0e00fcb8f" />
        <type>half</type>
      </note>
      <note print-object="no" print-spacing="yes">
        <rest />
        <duration>40320</duration>
        <type>whole</type>
      </note>
      <barline location="right">
        <bar-style>regular</bar-style>
      </barline>
    </measure>
    <!--========================= Measure 19 =========================-->
    <measure implicit="no" number="19">
      <attributes>
        <time>
          <beats>4</beats>
          <beat-type>2</beat-type>
        </time>
      </attributes>
      <note>
        <pitch>
          <step>D</step>
          <octave>5</octave>
        </pitch>
        <duration>20160</duration>
        <instrument id="I2be2f32c2a960d45d0d5d6a0e00fcb8f" />
        <type>half</type>
      </note>
      <note>
        <pitch>
          <step>D</step>
          <octave>5</octave>
        </pitch>
        <duration>20160</duration>
        <instrument id="I2be2f32c2a960d45d0d5d6a0e00fcb8f" />
        <type>half</type>
      </note>
      <note>
        <pitch>
          <step>B</step>
          <octave>4</octave>
        </pitch>
        <duration>40320</duration>
        <instrument id="I2be2f32c2a960d45d0d5d6a0e00fcb8f" />
        <type>whole</type>
      </note>
      <barline location="right">
        <bar-style>regular</bar-style>
      </barline>
    </measure>
    <!--========================= Measure 20 =========================-->
    <measure implicit="no" number="20">
      <note>
        <pitch>
          <step>C</step>
          <octave>5</octave>
        </pitch>
        <duration>40320</duration>
        <instrument id="I2be2f32c2a960d45d0d5d6a0e00fcb8f" />
        <type>whole</type>
      </note>
      <note>
        <pitch>
          <step>A</step>
          <octave>4</octave>
        </pitch>
        <duration>40320</duration>
        <instrument id="I2be2f32c2a960d45d0d5d6a0e00fcb8f" />
        <type>whole</type>
      </note>
      <barline location="right">
        <bar-style>regular</bar-style>
      </barline>
    </measure>
    <!--========================= Measure 21 =========================-->
    <measure implicit="no" number="21">
      <attributes>
        <time>
          <beats>3</beats>
          <beat-type>2</beat-type>
        </time>
      </attributes>
      <note>
        <pitch>
          <step>G</step>
          <octave>4</octave>
        </pitch>
        <duration>40320</duration>
        <instrument id="I2be2f32c2a960d45d0d5d6a0e00fcb8f" />
        <type>whole</type>
      </note>
      <note>
        <rest />
        <duration>20160</duration>
        <type>half</type>
      </note>
      <barline location="right">
        <bar-style>regular</bar-style>
      </barline>
    </measure>
    <!--========================= Measure 22 =========================-->
    <measure implicit="no" number="22">
      <note>
        <pitch>
          <step>G</step>
          <octave>4</octave>
        </pitch>
        <duration>20160</duration>
        <instrument id="I2be2f32c2a960d45d0d5d6a0e00fcb8f" />
        <type>half</type>
      </note>
      <note print-object="no" print-spacing="yes">
        <rest />
        <duration>40320</duration>
        <type>whole</type>
      </note>
      <barline location="right">
        <bar-style>regular</bar-style>
      </barline>
    </measure>
    <!--========================= Measure 23 =========================-->
    <measure implicit="no" number="23">
      <attributes>
        <time>
          <beats>4</beats>
          <beat-type>2</beat-type>
        </time>
      </attributes>
      <note>
        <pitch>
          <step>G</step>
          <octave>4</octave>
        </pitch>
        <duration>40320</duration>
        <instrument id="I2be2f32c2a960d45d0d5d6a0e00fcb8f" />
        <type>whole</type>
      </note>
      <note>
        <pitch>
          <step>D</step>
          <octave>5</octave>
        </pitch>
        <duration>40320</duration>
        <instrument id="I2be2f32c2a960d45d0d5d6a0e00fcb8f" />
        <type>whole</type>
      </note>
      <barline location="right">
        <bar-style>regular</bar-style>
      </barline>
    </measure>
    <!--========================= Measure 24 =========================-->
    <measure implicit="no" number="24">
      <note>
        <pitch>
          <step>F</step>
          <alter>0</alter>
          <octave>5</octave>
        </pitch>
        <duration>40320</duration>
        <instrument id="I2be2f32c2a960d45d0d5d6a0e00fcb8f" />
        <type>whole</type>
        <accidental>natural</accidental>
      </note>
      <note>
        <pitch>
          <step>E</step>
          <octave>5</octave>
        </pitch>
        <duration>40320</duration>
        <instrument id="I2be2f32c2a960d45d0d5d6a0e00fcb8f" />
        <type>whole</type>
      </note>
      <barline location="right">
        <bar-style>regular</bar-style>
      </barline>
    </measure>
    <!--========================= Measure 25 =========================-->
    <measure implicit="no" number="25">
      <note>
        <pitch>
          <step>D</step>
          <octave>5</octave>
        </pitch>
        <duration>40320</duration>
        <instrument id="I2be2f32c2a960d45d0d5d6a0e00fcb8f" />
        <type>whole</type>
      </note>
      <note>
        <pitch>
          <step>C</step>
          <octave>5</octave>
        </pitch>
        <duration>20160</duration>
        <instrument id="I2be2f32c2a960d45d0d5d6a0e00fcb8f" />
        <type>half</type>
      </note>
      <note>
        <pitch>
          <step>B</step>
          <octave>4</octave>
        </pitch>
        <duration>20160</duration>
        <instrument id="I2be2f32c2a960d45d0d5d6a0e00fcb8f" />
        <type>half</type>
      </note>
      <barline location="right">
        <bar-style>regular</bar-style>
      </barline>
    </measure>
    <!--========================= Measure 26 =========================-->
    <measure implicit="no" number="26">
      <attributes>
        <time>
          <beats>3</beats>
          <beat-type>2</beat-type>
        </time>
      </attributes>
      <note>
        <pitch>
          <step>A</step>
          <octave>4</octave>
        </pitch>
        <duration>40320</duration>
        <instrument id="I2be2f32c2a960d45d0d5d6a0e00fcb8f" />
        <type>whole</type>
      </note>
      <note>
        <pitch>
          <step>A</step>
          <octave>4</octave>
        </pitch>
        <duration>20160</duration>
        <instrument id="I2be2f32c2a960d45d0d5d6a0e00fcb8f" />
        <type>half</type>
      </note>
      <barline location="right">
        <bar-style>regular</bar-style>
      </barline>
    </measure>
    <!--========================= Measure 27 =========================-->
    <measure implicit="no" number="27">
      <note>
        <pitch>
          <step>C</step>
          <octave>5</octave>
        </pitch>
        <duration>20160</duration>
        <instrument id="I2be2f32c2a960d45d0d5d6a0e00fcb8f" />
        <type>half</type>
      </note>
      <note>
        <pitch>
          <step>C</step>
          <octave>5</octave>
        </pitch>
        <duration>20160</duration>
        <instrument id="I2be2f32c2a960d45d0d5d6a0e00fcb8f" />
        <type>half</type>
      </note>
      <note>
        <pitch>
          <step>D</step>
          <octave>5</octave>
        </pitch>
        <duration>20160</duration>
        <instrument id="I2be2f32c2a960d45d0d5d6a0e00fcb8f" />
        <type>half</type>
      </note>
      <barline location="right">
        <bar-style>regular</bar-style>
      </barline>
    </measure>
    <!--========================= Measure 28 =========================-->
    <measure implicit="no" number="28">
      <attributes>
        <time>
          <beats>4</beats>
          <beat-type>2</beat-type>
        </time>
      </attributes>
      <note>
        <pitch>
          <step>C</step>
          <octave>5</octave>
        </pitch>
        <duration>40320</duration>
        <instrument id="I2be2f32c2a960d45d0d5d6a0e00fcb8f" />
        <type>whole</type>
      </note>
      <note>
        <pitch>
          <step>B</step>
          <octave>4</octave>
        </pitch>
        <duration>40320</duration>
        <instrument id="I2be2f32c2a960d45d0d5d6a0e00fcb8f" />
        <type>whole</type>
      </note>
      <barline location="right">
        <bar-style>regular</bar-style>
      </barline>
    </measure>
    <!--========================= Measure 29 =========================-->
    <measure implicit="no" number="29">
      <note>
        <pitch>
          <step>A</step>
          <octave>4</octave>
        </pitch>
        <duration>20160</duration>
        <instrument id="I2be2f32c2a960d45d0d5d6a0e00fcb8f" />
        <type>half</type>
      </note>
      <note>
        <pitch>
          <step>B</step>
          <octave>4</octave>
        </pitch>
        <duration>20160</duration>
        <instrument id="I2be2f32c2a960d45d0d5d6a0e00fcb8f" />
        <type>half</type>
      </note>
      <note>
        <pitch>
          <step>C</step>
          <octave>5</octave>
        </pitch>
        <duration>20160</duration>
        <instrument id="I2be2f32c2a960d45d0d5d6a0e00fcb8f" />
        <type>half</type>
      </note>
      <note>
        <pitch>
          <step>B</step>
          <octave>4</octave>
        </pitch>
        <duration>10080</duration>
        <instrument id="I2be2f32c2a960d45d0d5d6a0e00fcb8f" />
        <type>quarter</type>
      </note>
      <note>
        <pitch>
          <step>C</step>
          <octave>5</octave>
        </pitch>
        <duration>10080</duration>
        <instrument id="I2be2f32c2a960d45d0d5d6a0e00fcb8f" />
        <type>quarter</type>
      </note>
      <barline location="right">
        <bar-style>regular</bar-style>
      </barline>
    </measure>
    <!--========================= Measure 30 =========================-->
    <measure implicit="no" number="30">
      <attributes>
        <time>
          <beats>3</beats>
          <beat-type>2</beat-type>
        </time>
      </attributes>
      <note>
        <pitch>
          <step>D</step>
          <octave>5</octave>
        </pitch>
        <duration>20160</duration>
        <instrument id="I2be2f32c2a960d45d0d5d6a0e00fcb8f" />
        <type>half</type>
      </note>
      <note>
        <rest />
        <duration>20160</duration>
        <type>half</type>
      </note>
      <note>
        <pitch>
          <step>D</step>
          <octave>5</octave>
        </pitch>
        <duration>20160</duration>
        <instrument id="I2be2f32c2a960d45d0d5d6a0e00fcb8f" />
        <type>half</type>
      </note>
      <barline location="right">
        <bar-style>regular</bar-style>
      </barline>
    </measure>
    <!--========================= Measure 31 =========================-->
    <measure implicit="no" number="31">
      <attributes>
        <time>
          <beats>4</beats>
          <beat-type>2</beat-type>
        </time>
      </attributes>
      <note>
        <pitch>
          <step>G</step>
          <octave>4</octave>
        </pitch>
        <duration>40320</duration>
        <instrument id="I2be2f32c2a960d45d0d5d6a0e00fcb8f" />
        <type>whole</type>
      </note>
      <note>
        <pitch>
          <step>A</step>
          <octave>4</octave>
        </pitch>
        <duration>40320</duration>
        <instrument id="I2be2f32c2a960d45d0d5d6a0e00fcb8f" />
        <type>whole</type>
      </note>
      <barline location="right">
        <bar-style>regular</bar-style>
      </barline>
    </measure>
    <!--========================= Measure 32 =========================-->
    <measure implicit="no" number="32">
      <note>
        <pitch>
          <step>B</step>
          <octave>4</octave>
        </pitch>
        <duration>40320</duration>
        <instrument id="I2be2f32c2a960d45d0d5d6a0e00fcb8f" />
        <type>whole</type>
      </note>
      <note>
        <pitch>
          <step>C</step>
          <octave>5</octave>
        </pitch>
        <duration>40320</duration>
        <instrument id="I2be2f32c2a960d45d0d5d6a0e00fcb8f" />
        <type>whole</type>
      </note>
      <barline location="right">
        <bar-style>regular</bar-style>
      </barline>
    </measure>
    <!--========================= Measure 33 =========================-->
    <measure implicit="no" number="33">
      <note>
        <pitch>
          <step>A</step>
          <octave>4</octave>
        </pitch>
        <duration>60480</duration>
        <instrument id="I2be2f32c2a960d45d0d5d6a0e00fcb8f" />
        <type>whole</type>
        <dot />
      </note>
      <note>
        <pitch>
          <step>G</step>
          <octave>4</octave>
        </pitch>
        <duration>20160</duration>
        <instrument id="I2be2f32c2a960d45d0d5d6a0e00fcb8f" />
        <type>half</type>
      </note>
      <barline location="right">
        <bar-style>regular</bar-style>
      </barline>
    </measure>
    <!--========================= Measure 34 =========================-->
    <measure implicit="no" number="34">
      <attributes>
        <time>
          <beats>3</beats>
          <beat-type>2</beat-type>
        </time>
      </attributes>
      <note>
        <pitch>
          <step>F</step>
          <alter>0</alter>
          <octave>4</octave>
        </pitch>
        <duration>20160</duration>
        <instrument id="I2be2f32c2a960d45d0d5d6a0e00fcb8f" />
        <type>half</type>
        <accidental>natural</accidental>
      </note>
      <note>
        <pitch>
          <step>E</step>
          <octave>4</octave>
        </pitch>
        <duration>20160</duration>
        <instrument id="I2be2f32c2a960d45d0d5d6a0e00fcb8f" />
        <type>half</type>
      </note>
      <note>
        <pitch>
          <step>D</step>
          <octave>4</octave>
        </pitch>
        <duration>20160</duration>
        <instrument id="I2be2f32c2a960d45d0d5d6a0e00fcb8f" />
        <type>half</type>
      </note>
      <barline location="right">
        <bar-style>regular</bar-style>
      </barline>
    </measure>
    <!--========================= Measure 35 =========================-->
    <measure implicit="no" number="35">
      <note>
        <pitch>
          <step>D</step>
          <octave>4</octave>
        </pitch>
        <duration>20160</duration>
        <instrument id="I2be2f32c2a960d45d0d5d6a0e00fcb8f" />
        <type>half</type>
      </note>
      <note print-object="no" print-spacing="yes">
        <rest />
        <duration>40320</duration>
        <type>whole</type>
      </note>
      <barline location="right">
        <bar-style>regular</bar-style>
      </barline>
    </measure>
    <!--========================= Measure 36 =========================-->
    <measure implicit="no" number="36">
      <attributes>
        <time>
          <beats>4</beats>
          <beat-type>2</beat-type>
        </time>
      </attributes>
      <note>
        <pitch>
          <step>A</step>
          <octave>4</octave>
        </pitch>
        <duration>20160</duration>
        <instrument id="I2be2f32c2a960d45d0d5d6a0e00fcb8f" />
        <type>half</type>
      </note>
      <note>
        <pitch>
          <step>B</step>
          <octave>4</octave>
        </pitch>
        <duration>20160</duration>
        <instrument id="I2be2f32c2a960d45d0d5d6a0e00fcb8f" />
        <type>half</type>
      </note>
      <note>
        <pitch>
          <step>C</step>
          <octave>5</octave>
        </pitch>
        <duration>20160</duration>
        <instrument id="I2be2f32c2a960d45d0d5d6a0e00fcb8f" />
        <type>half</type>
      </note>
      <note>
        <pitch>
          <step>B</step>
          <octave>4</octave>
        </pitch>
        <duration>10080</duration>
        <instrument id="I2be2f32c2a960d45d0d5d6a0e00fcb8f" />
        <type>quarter</type>
      </note>
      <note>
        <pitch>
          <step>C</step>
          <octave>5</octave>
        </pitch>
        <duration>10080</duration>
        <instrument id="I2be2f32c2a960d45d0d5d6a0e00fcb8f" />
        <type>quarter</type>
      </note>
      <barline location="right">
        <bar-style>regular</bar-style>
      </barline>
    </measure>
    <!--========================= Measure 37 =========================-->
    <measure implicit="no" number="37">
      <note>
        <pitch>
          <step>D</step>
          <octave>5</octave>
        </pitch>
        <duration>40320</duration>
        <instrument id="I2be2f32c2a960d45d0d5d6a0e00fcb8f" />
        <type>whole</type>
      </note>
      <note>
        <pitch>
          <step>E</step>
          <octave>5</octave>
        </pitch>
        <duration>40320</duration>
        <instrument id="I2be2f32c2a960d45d0d5d6a0e00fcb8f" />
        <type>whole</type>
      </note>
      <barline location="right">
        <bar-style>regular</bar-style>
      </barline>
    </measure>
    <!--========================= Measure 38 =========================-->
    <measure implicit="no" number="38">
      <note>
        <pitch>
          <step>D</step>
          <octave>5</octave>
        </pitch>
        <duration>40320</duration>
        <instrument id="I2be2f32c2a960d45d0d5d6a0e00fcb8f" />
        <type>whole</type>
      </note>
      <note>
        <pitch>
          <step>C</step>
          <octave>5</octave>
        </pitch>
        <duration>20160</duration>
        <instrument id="I2be2f32c2a960d45d0d5d6a0e00fcb8f" />
        <type>half</type>
      </note>
      <note>
        <pitch>
          <step>B</step>
          <octave>4</octave>
        </pitch>
        <duration>20160</duration>
        <instrument id="I2be2f32c2a960d45d0d5d6a0e00fcb8f" />
        <type>half</type>
      </note>
      <barline location="right">
        <bar-style>regular</bar-style>
      </barline>
    </measure>
    <!--========================= Measure 39 =========================-->
    <measure implicit="no" number="39">
      <note>
        <pitch>
          <step>C</step>
          <octave>5</octave>
        </pitch>
        <duration>40320</duration>
        <instrument id="I2be2f32c2a960d45d0d5d6a0e00fcb8f" />
        <type>whole</type>
      </note>
      <note>
        <pitch>
          <step>A</step>
          <octave>4</octave>
        </pitch>
        <duration>40320</duration>
        <instrument id="I2be2f32c2a960d45d0d5d6a0e00fcb8f" />
        <type>whole</type>
      </note>
      <barline location="right">
        <bar-style>regular</bar-style>
      </barline>
    </measure>
    <!--========================= Measure 40 =========================-->
    <measure implicit="no" number="40">
      <note>
        <pitch>
          <step>B</step>
          <octave>4</octave>
        </pitch>
        <duration>40320</duration>
        <instrument id="I2be2f32c2a960d45d0d5d6a0e00fcb8f" />
        <type>whole</type>
      </note>
      <note>
        <pitch>
          <step>E</step>
          <octave>5</octave>
        </pitch>
        <duration>40320</duration>
        <instrument id="I2be2f32c2a960d45d0d5d6a0e00fcb8f" />
        <type>whole</type>
      </note>
      <barline location="right">
        <bar-style>regular</bar-style>
      </barline>
    </measure>
    <!--========================= Measure 41 =========================-->
    <measure implicit="no" number="41">
      <note>
        <pitch>
          <step>D</step>
          <octave>5</octave>
        </pitch>
        <duration>40320</duration>
        <instrument id="I2be2f32c2a960d45d0d5d6a0e00fcb8f" />
        <type>whole</type>
      </note>
      <note>
        <pitch>
          <step>C</step>
          <octave>5</octave>
        </pitch>
        <duration>20160</duration>
        <instrument id="I2be2f32c2a960d45d0d5d6a0e00fcb8f" />
        <type>half</type>
      </note>
      <note>
        <pitch>
          <step>B</step>
          <octave>4</octave>
        </pitch>
        <duration>20160</duration>
        <instrument id="I2be2f32c2a960d45d0d5d6a0e00fcb8f" />
        <type>half</type>
      </note>
      <barline location="right">
        <bar-style>regular</bar-style>
      </barline>
    </measure>
    <!--========================= Measure 42 =========================-->
    <measure implicit="no" number="42">
      <note>
        <pitch>
          <step>C</step>
          <octave>5</octave>
        </pitch>
        <duration>40320</duration>
        <instrument id="I2be2f32c2a960d45d0d5d6a0e00fcb8f" />
        <type>whole</type>
      </note>
      <note>
        <pitch>
          <step>A</step>
          <octave>4</octave>
        </pitch>
        <duration>40320</duration>
        <instrument id="I2be2f32c2a960d45d0d5d6a0e00fcb8f" />
        <type>whole</type>
      </note>
      <barline location="right">
        <bar-style>regular</bar-style>
      </barline>
    </measure>
    <!--========================= Measure 43 =========================-->
    <measure implicit="no" number="43">
      <note>
        <pitch>
          <step>G</step>
          <octave>4</octave>
        </pitch>
        <duration>40320</duration>
        <instrument id="I2be2f32c2a960d45d0d5d6a0e00fcb8f" />
        <type>whole</type>
      </note>
      <note>
        <rest />
        <duration>20160</duration>
        <type>half</type>
      </note>
      <note print-object="no" print-spacing="yes">
        <rest />
        <duration>20160</duration>
        <type>half</type>
      </note>
      <barline location="right">
        <bar-style>light-light</bar-style>
      </barline>
    </measure>
  </part>
</score-partwise>