<?xml version="1.0" encoding="utf-8"?>
<!DOCTYPE score-partwise  PUBLIC "-//Recordare//DTD MusicXML 4.0 Partwise//EN" "http://www.musicxml.org/dtds/partwise.dtd">
<score-partwise version="4.0">
  <work>
    <work-title>Harter Entschluss</work-title>
  </work>
  <movement-title>Harter Entschluss</movement-title>
  <identification>
    <creator type="electronicEditor">Helmut Schaffrath</creator>
    <encoding>
      <encoding-date>2024-04-06</encoding-date>
      <software>music21 v.9.1.0</software>
    </encoding>
    <miscellaneous>
      <miscellaneous-field name="humdrum:ARE">Europa, Mitteleuropa, Deutschland</miscellaneous-field>
      <miscellaneous-field name="humdrum:SCT">A0117</miscellaneous-field>
      <miscellaneous-field name="humdrum:YEM">Copyright 1995, estate of Helmut Schaffrath.</miscellaneous-field>
      <miscellaneous-field name="humdrum:AGN">Romanze, Ballade, Lied</miscellaneous-field>
      <miscellaneous-field name="humdrum:ONB">ESAC (Essen Associative Code) Database: ALTDEU</miscellaneous-field>
      <miscellaneous-field name="humdrum:AMT">irregular</miscellaneous-field>
      <miscellaneous-field name="humdrum:AIN">vox</miscellaneous-field>
      <miscellaneous-field name="humdrum:EEV">1.0</miscellaneous-field>
    </miscellaneous>
  </identification>
  <defaults>
    <scaling>
      <millimeters>7</millimeters>
      <tenths>40</tenths>
    </scaling>
  </defaults>
  <part-list>
    <score-part id="Pe130a2546623d83acf0da5b7b690dd99">
      <part-name>Voice</part-name>
      <part-abbreviation>V</part-abbreviation>
      <score-instrument id="I006200ed3a2e585d1ae2de9c7118a0df">
        <instrument-name>Voice</instrument-name>
        <instrument-abbreviation>V</instrument-abbreviation>
      </score-instrument>
      <midi-instrument id="I006200ed3a2e585d1ae2de9c7118a0df">
        <midi-channel>1</midi-channel>
        <midi-program>54</midi-program>
      </midi-instrument>
    </score-part>
  </part-list>
  <!--=========================== Part 1 ===========================-->
  <part id="Pe130a2546623d83acf0da5b7b690dd99">
    <!--========================= Measure 0 ==========================-->
    <measure implicit="no" number="0">
      <attributes>
        <divisions>10080</divisions>
        <key>
          <fifths>-1</fifths>
        </key>
        <time>
          <beats>4</beats>
          <beat-type>2</beat-type>
        </time>
      </attributes>
      <note>
        <pitch>
          <step>F</step>
          <octave>4</octave>
        </pitch>
        <duration>20160</duration>
        <instrument id="I006200ed3a2e585d1ae2de9c7118a0df" />
        <type>half</type>
      </note>
    </measure>
    <!--========================= Measure 1 ==========================-->
    <measure implicit="no" number="1">
      <note>
        <pitch>
          <step>F</step>
          <octave>4</octave>
        </pitch>
        <duration>20160</duration>
        <instrument id="I006200ed3a2e585d1ae2de9c7118a0df" />
        <type>half</type>
      </note>
      <note>
        <pitch>
          <step>A</step>
          <octave>4</octave>
        </pitch>
        <duration>20160</duration>
        <instrument id="I006200ed3a2e585d1ae2de9c7118a0df" />
        <type>half</type>
      </note>
      <note>
        <pitch>
          <step>G</step>
          <octave>4</octave>
        </pitch>
        <duration>20160</duration>
        <instrument id="I006200ed3a2e585d1ae2de9c7118a0df" />
        <type>half</type>
      </note>
      <note>
        <pitch>
          <step>F</step>
          <octave>4</octave>
        </pitch>
        <duration>20160</duration>
        <instrument id="I006200ed3a2e585d1ae2de9c7118a0df" />
        <type>half</type>
      </note>
      <barline location="right">
        <bar-style>regular</bar-style>
      </barline>
    </measure>
    <!--========================= Measure 2 ==========================-->
    <measure implicit="no" number="2">
      <note>
        <pitch>
          <step>E</step>
          <octave>4</octave>
        </pitch>
        <duration>40320</duration>
        <instrument id="I006200ed3a2e585d1ae2de9c7118a0df" />
        <type>whole</type>
      </note>
      <note>
        <pitch>
          <step>F</step>
          <octave>4</octave>
        </pitch>
        <duration>20160</duration>
        <instrument id="I006200ed3a2e585d1ae2de9c7118a0df" />
        <type>half</type>
      </note>
      <note>
        <pitch>
          <step>G</step>
          <octave>4</octave>
        </pitch>
        <duration>20160</duration>
        <instrument id="I006200ed3a2e585d1ae2de9c7118a0df" />
        <type>half</type>
      </note>
      <barline location="right">
        <bar-style>regular</bar-style>
      </barline>
    </measure>
    <!--========================= Measure 3 ==========================-->
    <measure implicit="no" number="3">
      <attributes>
        <time>
          <beats>6</beats>
          <beat-type>2</beat-type>
        </time>
      </attributes>
      <note>
        <pitch>
          <step>A</step>
          <octave>4</octave>
        </pitch>
        <duration>40320</duration>
        <instrument id="I006200ed3a2e585d1ae2de9c7118a0df" />
        <type>whole</type>
      </note>
      <note>
        <pitch>
          <step>A</step>
          <octave>4</octave>
        </pitch>
        <duration>20160</duration>
        <instrument id="I006200ed3a2e585d1ae2de9c7118a0df" />
        <type>half</type>
      </note>
      <note>
        <pitch>
          <step>B</step>
          <alter>-1</alter>
          <octave>4</octave>
        </pitch>
        <duration>20160</duration>
        <instrument id="I006200ed3a2e585d1ae2de9c7118a0df" />
        <type>half</type>
      </note>
      <note>
        <pitch>
          <step>G</step>
          <octave>4</octave>
        </pitch>
        <duration>40320</duration>
        <instrument id="I006200ed3a2e585d1ae2de9c7118a0df" />
        <type>whole</type>
      </note>
      <barline location="right">
        <bar-style>regular</bar-style>
      </barline>
    </measure>
    <!--========================= Measure 4 ==========================-->
    <measure implicit="no" number="4">
      <attributes>
        <time>
          <beats>4</beats>
          <beat-type>2</beat-type>
        </time>
      </attributes>
      <note>
        <pitch>
          <step>F</step>
          <octave>4</octave>
        </pitch>
        <duration>60480</duration>
        <instrument id="I006200ed3a2e585d1ae2de9c7118a0df" />
        <type>whole</type>
        <dot />
      </note>
      <note>
        <pitch>
          <step>F</step>
          <octave>4</octave>
        </pitch>
        <duration>20160</duration>
        <instrument id="I006200ed3a2e585d1ae2de9c7118a0df" />
        <type>half</type>
      </note>
      <barline location="right">
        <bar-style>regular</bar-style>
      </barline>
    </measure>
    <!--========================= Measure 5 ==========================-->
    <measure implicit="no" number="5">
      <note>
        <pitch>
          <step>F</step>
          <octave>4</octave>
        </pitch>
        <duration>20160</duration>
        <instrument id="I006200ed3a2e585d1ae2de9c7118a0df" />
        <type>half</type>
      </note>
      <note>
        <pitch>
          <step>A</step>
          <octave>4</octave>
        </pitch>
        <duration>20160</duration>
        <instrument id="I006200ed3a2e585d1ae2de9c7118a0df" />
        <type>half</type>
      </note>
      <note>
        <pitch>
          <step>G</step>
          <octave>4</octave>
        </pitch>
        <duration>20160</duration>
        <instrument id="I006200ed3a2e585d1ae2de9c7118a0df" />
        <type>half</type>
      </note>
      <note>
        <pitch>
          <step>F</step>
          <octave>4</octave>
        </pitch>
        <duration>20160</duration>
        <instrument id="I006200ed3a2e585d1ae2de9c7118a0df" />
        <type>half</type>
      </note>
      <barline location="right">
        <bar-style>regular</bar-style>
      </barline>
    </measure>
    <!--========================= Measure 6 ==========================-->
    <measure implicit="no" number="6">
      <note>
        <pitch>
          <step>E</step>
          <octave>4</octave>
        </pitch>
        <duration>40320</duration>
        <instrument id="I006200ed3a2e585d1ae2de9c7118a0df" />
        <type>whole</type>
      </note>
      <note>
        <pitch>
          <step>F</step>
          <octave>4</octave>
        </pitch>
        <duration>20160</duration>
        <instrument id="I006200ed3a2e585d1ae2de9c7118a0df" />
        <type>half</type>
      </note>
      <note>
        <pitch>
          <step>G</step>
          <octave>4</octave>
        </pitch>
        <duration>20160</duration>
        <instrument id="I006200ed3a2e585d1ae2de9c7118a0df" />
        <type>half</type>
      </note>
      <barline location="right">
        <bar-style>regular</bar-style>
      </barline>
    </measure>
    <!--========================= Measure 7 ==========================-->
    <measure implicit="no" number="7">
      <attributes>
        <time>
          <beats>6</beats>
          <beat-type>2</beat-type>
        </time>
      </attributes>
      <note>
        <pitch>
          <step>A</step>
          <octave>4</octave>
        </pitch>
        <duration>40320</duration>
        <instrument id="I006200ed3a2e585d1ae2de9c7118a0df" />
        <type>whole</type>
      </note>
      <note>
        <pitch>
          <step>A</step>
          <octave>4</octave>
        </pitch>
        <duration>20160</duration>
        <instrument id="I006200ed3a2e585d1ae2de9c7118a0df" />
        <type>half</type>
      </note>
      <note>
        <pitch>
          <step>B</step>
          <alter>-1</alter>
          <octave>4</octave>
        </pitch>
        <duration>20160</duration>
        <instrument id="I006200ed3a2e585d1ae2de9c7118a0df" />
        <type>half</type>
      </note>
      <note>
        <pitch>
          <step>G</step>
          <octave>4</octave>
        </pitch>
        <duration>40320</duration>
        <instrument id="I006200ed3a2e585d1ae2de9c7118a0df" />
        <type>whole</type>
      </note>
      <barline location="right">
        <bar-style>regular</bar-style>
      </barline>
    </measure>
    <!--========================= Measure 8 ==========================-->
    <measure implicit="no" number="8">
      <attributes>
        <time>
          <beats>4</beats>
          <beat-type>2</beat-type>
        </time>
      </attributes>
      <note>
        <pitch>
          <step>F</step>
          <octave>4</octave>
        </pitch>
        <duration>60480</duration>
        <instrument id="I006200ed3a2e585d1ae2de9c7118a0df" />
        <type>whole</type>
        <dot />
      </note>
      <note>
        <pitch>
          <step>F</step>
          <octave>4</octave>
        </pitch>
        <duration>20160</duration>
        <instrument id="I006200ed3a2e585d1ae2de9c7118a0df" />
        <type>half</type>
      </note>
      <barline location="right">
        <bar-style>regular</bar-style>
      </barline>
    </measure>
    <!--========================= Measure 9 ==========================-->
    <measure implicit="no" number="9">
      <note>
        <pitch>
          <step>A</step>
          <octave>4</octave>
        </pitch>
        <duration>20160</duration>
        <instrument id="I006200ed3a2e585d1ae2de9c7118a0df" />
        <type>half</type>
      </note>
      <note>
        <pitch>
          <step>G</step>
          <octave>4</octave>
        </pitch>
        <duration>20160</duration>
        <instrument id="I006200ed3a2e585d1ae2de9c7118a0df" />
        <type>half</type>
      </note>
      <note>
        <pitch>
          <step>A</step>
          <octave>4</octave>
        </pitch>
        <duration>20160</duration>
        <instrument id="I006200ed3a2e585d1ae2de9c7118a0df" />
        <type>half</type>
      </note>
      <note>
        <pitch>
          <step>B</step>
          <alter>-1</alter>
          <octave>4</octave>
        </pitch>
        <duration>20160</duration>
        <instrument id="I006200ed3a2e585d1ae2de9c7118a0df" />
        <type>half</type>
      </note>
      <barline location="right">
        <bar-style>regular</bar-style>
      </barline>
    </measure>
    <!--========================= Measure 10 =========================-->
    <measure implicit="no" number="10">
      <note>
        <pitch>
          <step>C</step>
          <octave>5</octave>
        </pitch>
        <duration>40320</duration>
        <instrument id="I006200ed3a2e585d1ae2de9c7118a0df" />
        <type>whole</type>
      </note>
      <note>
        <pitch>
          <step>F</step>
          <octave>4</octave>
        </pitch>
        <duration>20160</duration>
        <instrument id="I006200ed3a2e585d1ae2de9c7118a0df" />
        <type>half</type>
      </note>
      <note>
        <pitch>
          <step>B</step>
          <alter>-1</alter>
          <octave>4</octave>
        </pitch>
        <duration>20160</duration>
        <instrument id="I006200ed3a2e585d1ae2de9c7118a0df" />
        <type>half</type>
      </note>
      <barline location="right">
        <bar-style>regular</bar-style>
      </barline>
    </measure>
    <!--========================= Measure 11 =========================-->
    <measure implicit="no" number="11">
      <note>
        <pitch>
          <step>A</step>
          <octave>4</octave>
        </pitch>
        <duration>20160</duration>
        <instrument id="I006200ed3a2e585d1ae2de9c7118a0df" />
        <type>half</type>
      </note>
      <note>
        <pitch>
          <step>A</step>
          <octave>4</octave>
        </pitch>
        <duration>20160</duration>
        <instrument id="I006200ed3a2e585d1ae2de9c7118a0df" />
        <type>half</type>
      </note>
      <note>
        <pitch>
          <step>A</step>
          <octave>4</octave>
        </pitch>
        <duration>20160</duration>
        <instrument id="I006200ed3a2e585d1ae2de9c7118a0df" />
        <type>half</type>
      </note>
      <note>
        <pitch>
          <step>G</step>
          <octave>4</octave>
        </pitch>
        <duration>10080</duration>
        <instrument id="I006200ed3a2e585d1ae2de9c7118a0df" />
        <type>quarter</type>
      </note>
      <note>
        <pitch>
          <step>F</step>
          <octave>4</octave>
        </pitch>
        <duration>10080</duration>
        <instrument id="I006200ed3a2e585d1ae2de9c7118a0df" />
        <type>quarter</type>
      </note>
      <barline location="right">
        <bar-style>regular</bar-style>
      </barline>
    </measure>
    <!--========================= Measure 12 =========================-->
    <measure implicit="no" number="12">
      <note>
        <pitch>
          <step>E</step>
          <octave>4</octave>
        </pitch>
        <duration>40320</duration>
        <instrument id="I006200ed3a2e585d1ae2de9c7118a0df" />
        <type>whole</type>
      </note>
      <note>
        <pitch>
          <step>F</step>
          <octave>4</octave>
        </pitch>
        <duration>20160</duration>
        <instrument id="I006200ed3a2e585d1ae2de9c7118a0df" />
        <type>half</type>
      </note>
      <note>
        <pitch>
          <step>G</step>
          <octave>4</octave>
        </pitch>
        <duration>20160</duration>
        <instrument id="I006200ed3a2e585d1ae2de9c7118a0df" />
        <type>half</type>
      </note>
      <barline location="right">
        <bar-style>regular</bar-style>
      </barline>
    </measure>
    <!--========================= Measure 13 =========================-->
    <measure implicit="no" number="13">
      <attributes>
        <time>
          <beats>6</beats>
          <beat-type>2</beat-type>
        </time>
      </attributes>
      <note>
        <pitch>
          <step>A</step>
          <octave>4</octave>
        </pitch>
        <duration>20160</duration>
        <instrument id="I006200ed3a2e585d1ae2de9c7118a0df" />
        <type>half</type>
      </note>
      <note>
        <pitch>
          <step>B</step>
          <alter>-1</alter>
          <octave>4</octave>
        </pitch>
        <duration>20160</duration>
        <instrument id="I006200ed3a2e585d1ae2de9c7118a0df" />
        <type>half</type>
      </note>
      <note>
        <pitch>
          <step>C</step>
          <octave>5</octave>
        </pitch>
        <duration>20160</duration>
        <instrument id="I006200ed3a2e585d1ae2de9c7118a0df" />
        <type>half</type>
      </note>
      <note>
        <pitch>
          <step>A</step>
          <octave>4</octave>
        </pitch>
        <duration>20160</duration>
        <instrument id="I006200ed3a2e585d1ae2de9c7118a0df" />
        <type>half</type>
      </note>
      <note>
        <pitch>
          <step>G</step>
          <octave>4</octave>
        </pitch>
        <duration>40320</duration>
        <instrument id="I006200ed3a2e585d1ae2de9c7118a0df" />
        <type>whole</type>
      </note>
      <barline location="right">
        <bar-style>regular</bar-style>
      </barline>
    </measure>
    <!--========================= Measure 14 =========================-->
    <measure implicit="no" number="14">
      <note>
        <pitch>
          <step>F</step>
          <octave>4</octave>
        </pitch>
        <duration>60480</duration>
        <instrument id="I006200ed3a2e585d1ae2de9c7118a0df" />
        <type>whole</type>
        <dot />
      </note>
      <note print-object="no" print-spacing="yes">
        <rest />
        <duration>60480</duration>
        <type>whole</type>
        <dot />
      </note>
      <barline location="right">
        <bar-style>light-light</bar-style>
      </barline>
    </measure>
  </part>
</score-partwise>