<?xml version="1.0" encoding="utf-8"?>
<!DOCTYPE score-partwise  PUBLIC "-//Recordare//DTD MusicXML 4.0 Partwise//EN" "http://www.musicxml.org/dtds/partwise.dtd">
<score-partwise version="4.0">
  <work>
    <work-title>ES HUETT SICH EIN MAEDEL DIE LAEMMELEIN</work-title>
  </work>
  <movement-title>ES HUETT SICH EIN MAEDEL DIE LAEMMELEIN</movement-title>
  <identification>
    <creator type="electronicEditor">Helmut Schaffrath</creator>
    <encoding>
      <encoding-date>2024-04-06</encoding-date>
      <software>music21 v.9.1.0</software>
    </encoding>
    <miscellaneous>
      <miscellaneous-field name="dcterms:title">@{OTL} [@{SCT}]</miscellaneous-field>
      <miscellaneous-field name="humdrum:ARE">Europa, Mitteleuropa, Deutschland, Schlesien</miscellaneous-field>
      <miscellaneous-field name="humdrum:SCT">E0126A</miscellaneous-field>
      <miscellaneous-field name="humdrum:YEM">Copyright 1995, estate of Helmut Schaffrath.</miscellaneous-field>
      <miscellaneous-field name="humdrum:AGN">erzaehlendes Volks - Lied, Schalk -, Schelmen - Lied, betrogene Liebe     Ballade ?</miscellaneous-field>
      <miscellaneous-field name="humdrum:ONB">ESAC (Essen Associative Code) Database: ERK1</miscellaneous-field>
      <miscellaneous-field name="humdrum:AMT">compound duple</miscellaneous-field>
      <miscellaneous-field name="humdrum:AIN">vox</miscellaneous-field>
      <miscellaneous-field name="humdrum:EEV">1.0</miscellaneous-field>
    </miscellaneous>
  </identification>
  <defaults>
    <scaling>
      <millimeters>7</millimeters>
      <tenths>40</tenths>
    </scaling>
  </defaults>
  <part-list>
    <score-part id="Pe5ebe7cf43db49aeb59657f4ca0f0152">
      <part-name>Voice</part-name>
      <part-abbreviation>V</part-abbreviation>
      <score-instrument id="I33f1ace8c7f35dfac229541b0e2cf2a4">
        <instrument-name>Voice</instrument-name>
        <instrument-abbreviation>V</instrument-abbreviation>
      </score-instrument>
      <midi-instrument id="I33f1ace8c7f35dfac229541b0e2cf2a4">
        <midi-channel>1</midi-channel>
        <midi-program>54</midi-program>
      </midi-instrument>
    </score-part>
  </part-list>
  <!--=========================== Part 1 ===========================-->
  <part id="Pe5ebe7cf43db49aeb59657f4ca0f0152">
    <!--========================= Measure 0 ==========================-->
    <measure implicit="no" number="0">
      <attributes>
        <divisions>10080</divisions>
        <key>
          <fifths>-1</fifths>
        </key>
        <time>
          <beats>6</beats>
          <beat-type>8</beat-type>
        </time>
      </attributes>
      <note>
        <pitch>
          <step>C</step>
          <octave>4</octave>
        </pitch>
        <duration>5040</duration>
        <instrument id="I33f1ace8c7f35dfac229541b0e2cf2a4" />
        <type>eighth</type>
      </note>
    </measure>
    <!--========================= Measure 1 ==========================-->
    <measure implicit="no" number="1">
      <note>
        <pitch>
          <step>F</step>
          <octave>4</octave>
        </pitch>
        <duration>5040</duration>
        <instrument id="I33f1ace8c7f35dfac229541b0e2cf2a4" />
        <type>eighth</type>
        <beam number="1">begin</beam>
      </note>
      <note>
        <pitch>
          <step>F</step>
          <octave>4</octave>
        </pitch>
        <duration>5040</duration>
        <instrument id="I33f1ace8c7f35dfac229541b0e2cf2a4" />
        <type>eighth</type>
        <beam number="1">continue</beam>
      </note>
      <note>
        <pitch>
          <step>F</step>
          <octave>4</octave>
        </pitch>
        <duration>5040</duration>
        <instrument id="I33f1ace8c7f35dfac229541b0e2cf2a4" />
        <type>eighth</type>
        <beam number="1">end</beam>
      </note>
      <note>
        <pitch>
          <step>A</step>
          <octave>4</octave>
        </pitch>
        <duration>5040</duration>
        <instrument id="I33f1ace8c7f35dfac229541b0e2cf2a4" />
        <type>eighth</type>
        <beam number="1">begin</beam>
      </note>
      <note>
        <pitch>
          <step>F</step>
          <octave>4</octave>
        </pitch>
        <duration>5040</duration>
        <instrument id="I33f1ace8c7f35dfac229541b0e2cf2a4" />
        <type>eighth</type>
        <beam number="1">continue</beam>
      </note>
      <note>
        <pitch>
          <step>A</step>
          <octave>4</octave>
        </pitch>
        <duration>5040</duration>
        <instrument id="I33f1ace8c7f35dfac229541b0e2cf2a4" />
        <type>eighth</type>
        <beam number="1">end</beam>
      </note>
      <barline location="right">
        <bar-style>regular</bar-style>
      </barline>
    </measure>
    <!--========================= Measure 2 ==========================-->
    <measure implicit="no" number="2">
      <note>
        <pitch>
          <step>C</step>
          <octave>5</octave>
        </pitch>
        <duration>10080</duration>
        <instrument id="I33f1ace8c7f35dfac229541b0e2cf2a4" />
        <type>quarter</type>
      </note>
      <note>
        <pitch>
          <step>C</step>
          <octave>5</octave>
        </pitch>
        <duration>5040</duration>
        <instrument id="I33f1ace8c7f35dfac229541b0e2cf2a4" />
        <type>eighth</type>
      </note>
      <note>
        <pitch>
          <step>A</step>
          <octave>4</octave>
        </pitch>
        <duration>10080</duration>
        <instrument id="I33f1ace8c7f35dfac229541b0e2cf2a4" />
        <type>quarter</type>
      </note>
      <note>
        <pitch>
          <step>C</step>
          <octave>5</octave>
        </pitch>
        <duration>5040</duration>
        <instrument id="I33f1ace8c7f35dfac229541b0e2cf2a4" />
        <type>eighth</type>
      </note>
      <barline location="right">
        <bar-style>regular</bar-style>
      </barline>
    </measure>
    <!--========================= Measure 3 ==========================-->
    <measure implicit="no" number="3">
      <note>
        <pitch>
          <step>B</step>
          <alter>-1</alter>
          <octave>4</octave>
        </pitch>
        <duration>10080</duration>
        <instrument id="I33f1ace8c7f35dfac229541b0e2cf2a4" />
        <type>quarter</type>
      </note>
      <note>
        <pitch>
          <step>G</step>
          <octave>4</octave>
        </pitch>
        <duration>5040</duration>
        <instrument id="I33f1ace8c7f35dfac229541b0e2cf2a4" />
        <type>eighth</type>
      </note>
      <note>
        <pitch>
          <step>A</step>
          <octave>4</octave>
        </pitch>
        <duration>10080</duration>
        <instrument id="I33f1ace8c7f35dfac229541b0e2cf2a4" />
        <type>quarter</type>
      </note>
      <note>
        <pitch>
          <step>C</step>
          <octave>4</octave>
        </pitch>
        <duration>5040</duration>
        <instrument id="I33f1ace8c7f35dfac229541b0e2cf2a4" />
        <type>eighth</type>
      </note>
      <barline location="right">
        <bar-style>regular</bar-style>
      </barline>
    </measure>
    <!--========================= Measure 4 ==========================-->
    <measure implicit="no" number="4">
      <note>
        <pitch>
          <step>F</step>
          <octave>4</octave>
        </pitch>
        <duration>5040</duration>
        <instrument id="I33f1ace8c7f35dfac229541b0e2cf2a4" />
        <type>eighth</type>
        <beam number="1">begin</beam>
      </note>
      <note>
        <pitch>
          <step>F</step>
          <octave>4</octave>
        </pitch>
        <duration>5040</duration>
        <instrument id="I33f1ace8c7f35dfac229541b0e2cf2a4" />
        <type>eighth</type>
        <beam number="1">continue</beam>
      </note>
      <note>
        <pitch>
          <step>F</step>
          <octave>4</octave>
        </pitch>
        <duration>5040</duration>
        <instrument id="I33f1ace8c7f35dfac229541b0e2cf2a4" />
        <type>eighth</type>
        <beam number="1">end</beam>
      </note>
      <note>
        <pitch>
          <step>A</step>
          <octave>4</octave>
        </pitch>
        <duration>5040</duration>
        <instrument id="I33f1ace8c7f35dfac229541b0e2cf2a4" />
        <type>eighth</type>
        <beam number="1">begin</beam>
      </note>
      <note>
        <pitch>
          <step>F</step>
          <octave>4</octave>
        </pitch>
        <duration>5040</duration>
        <instrument id="I33f1ace8c7f35dfac229541b0e2cf2a4" />
        <type>eighth</type>
        <beam number="1">continue</beam>
      </note>
      <note>
        <pitch>
          <step>A</step>
          <octave>4</octave>
        </pitch>
        <duration>5040</duration>
        <instrument id="I33f1ace8c7f35dfac229541b0e2cf2a4" />
        <type>eighth</type>
        <beam number="1">end</beam>
      </note>
      <barline location="right">
        <bar-style>regular</bar-style>
      </barline>
    </measure>
    <!--========================= Measure 5 ==========================-->
    <measure implicit="no" number="5">
      <note>
        <pitch>
          <step>C</step>
          <octave>5</octave>
        </pitch>
        <duration>10080</duration>
        <instrument id="I33f1ace8c7f35dfac229541b0e2cf2a4" />
        <type>quarter</type>
      </note>
      <note>
        <pitch>
          <step>C</step>
          <octave>5</octave>
        </pitch>
        <duration>5040</duration>
        <instrument id="I33f1ace8c7f35dfac229541b0e2cf2a4" />
        <type>eighth</type>
      </note>
      <note>
        <pitch>
          <step>A</step>
          <octave>4</octave>
        </pitch>
        <duration>10080</duration>
        <instrument id="I33f1ace8c7f35dfac229541b0e2cf2a4" />
        <type>quarter</type>
      </note>
      <note>
        <pitch>
          <step>C</step>
          <octave>5</octave>
        </pitch>
        <duration>5040</duration>
        <instrument id="I33f1ace8c7f35dfac229541b0e2cf2a4" />
        <type>eighth</type>
      </note>
      <barline location="right">
        <bar-style>regular</bar-style>
      </barline>
    </measure>
    <!--========================= Measure 6 ==========================-->
    <measure implicit="no" number="6">
      <note>
        <pitch>
          <step>B</step>
          <alter>-1</alter>
          <octave>4</octave>
        </pitch>
        <duration>10080</duration>
        <instrument id="I33f1ace8c7f35dfac229541b0e2cf2a4" />
        <type>quarter</type>
      </note>
      <note>
        <pitch>
          <step>G</step>
          <octave>4</octave>
        </pitch>
        <duration>5040</duration>
        <instrument id="I33f1ace8c7f35dfac229541b0e2cf2a4" />
        <type>eighth</type>
      </note>
      <note>
        <pitch>
          <step>A</step>
          <octave>4</octave>
        </pitch>
        <duration>10080</duration>
        <instrument id="I33f1ace8c7f35dfac229541b0e2cf2a4" />
        <type>quarter</type>
      </note>
      <note>
        <pitch>
          <step>A</step>
          <octave>4</octave>
        </pitch>
        <duration>5040</duration>
        <instrument id="I33f1ace8c7f35dfac229541b0e2cf2a4" />
        <type>eighth</type>
      </note>
      <barline location="right">
        <bar-style>regular</bar-style>
      </barline>
    </measure>
    <!--========================= Measure 7 ==========================-->
    <measure implicit="no" number="7">
      <note>
        <pitch>
          <step>B</step>
          <alter>-1</alter>
          <octave>4</octave>
        </pitch>
        <duration>5040</duration>
        <instrument id="I33f1ace8c7f35dfac229541b0e2cf2a4" />
        <type>eighth</type>
        <beam number="1">begin</beam>
      </note>
      <note>
        <pitch>
          <step>B</step>
          <alter>-1</alter>
          <octave>4</octave>
        </pitch>
        <duration>5040</duration>
        <instrument id="I33f1ace8c7f35dfac229541b0e2cf2a4" />
        <type>eighth</type>
        <beam number="1">continue</beam>
      </note>
      <note>
        <pitch>
          <step>B</step>
          <alter>-1</alter>
          <octave>4</octave>
        </pitch>
        <duration>5040</duration>
        <instrument id="I33f1ace8c7f35dfac229541b0e2cf2a4" />
        <type>eighth</type>
        <beam number="1">end</beam>
      </note>
      <note>
        <pitch>
          <step>G</step>
          <octave>4</octave>
        </pitch>
        <duration>5040</duration>
        <instrument id="I33f1ace8c7f35dfac229541b0e2cf2a4" />
        <type>eighth</type>
        <beam number="1">begin</beam>
      </note>
      <note>
        <pitch>
          <step>G</step>
          <octave>4</octave>
        </pitch>
        <duration>5040</duration>
        <instrument id="I33f1ace8c7f35dfac229541b0e2cf2a4" />
        <type>eighth</type>
        <beam number="1">continue</beam>
      </note>
      <note>
        <pitch>
          <step>G</step>
          <octave>4</octave>
        </pitch>
        <duration>5040</duration>
        <instrument id="I33f1ace8c7f35dfac229541b0e2cf2a4" />
        <type>eighth</type>
        <beam number="1">end</beam>
      </note>
      <barline location="right">
        <bar-style>regular</bar-style>
      </barline>
    </measure>
    <!--========================= Measure 8 ==========================-->
    <measure implicit="no" number="8">
      <note>
        <pitch>
          <step>C</step>
          <octave>5</octave>
        </pitch>
        <duration>10080</duration>
        <instrument id="I33f1ace8c7f35dfac229541b0e2cf2a4" />
        <type>quarter</type>
      </note>
      <note>
        <pitch>
          <step>C</step>
          <octave>5</octave>
        </pitch>
        <duration>5040</duration>
        <instrument id="I33f1ace8c7f35dfac229541b0e2cf2a4" />
        <type>eighth</type>
      </note>
      <note>
        <pitch>
          <step>A</step>
          <octave>4</octave>
        </pitch>
        <duration>10080</duration>
        <instrument id="I33f1ace8c7f35dfac229541b0e2cf2a4" />
        <type>quarter</type>
      </note>
      <note>
        <pitch>
          <step>A</step>
          <octave>4</octave>
        </pitch>
        <duration>5040</duration>
        <instrument id="I33f1ace8c7f35dfac229541b0e2cf2a4" />
        <type>eighth</type>
      </note>
      <barline location="right">
        <bar-style>regular</bar-style>
      </barline>
    </measure>
    <!--========================= Measure 9 ==========================-->
    <measure implicit="no" number="9">
      <note>
        <pitch>
          <step>B</step>
          <alter>-1</alter>
          <octave>4</octave>
        </pitch>
        <duration>5040</duration>
        <instrument id="I33f1ace8c7f35dfac229541b0e2cf2a4" />
        <type>eighth</type>
        <beam number="1">begin</beam>
      </note>
      <note>
        <pitch>
          <step>B</step>
          <alter>-1</alter>
          <octave>4</octave>
        </pitch>
        <duration>5040</duration>
        <instrument id="I33f1ace8c7f35dfac229541b0e2cf2a4" />
        <type>eighth</type>
        <beam number="1">continue</beam>
      </note>
      <note>
        <pitch>
          <step>B</step>
          <alter>-1</alter>
          <octave>4</octave>
        </pitch>
        <duration>5040</duration>
        <instrument id="I33f1ace8c7f35dfac229541b0e2cf2a4" />
        <type>eighth</type>
        <beam number="1">end</beam>
      </note>
      <note>
        <pitch>
          <step>G</step>
          <octave>4</octave>
        </pitch>
        <duration>5040</duration>
        <instrument id="I33f1ace8c7f35dfac229541b0e2cf2a4" />
        <type>eighth</type>
        <beam number="1">begin</beam>
      </note>
      <note>
        <pitch>
          <step>G</step>
          <octave>4</octave>
        </pitch>
        <duration>5040</duration>
        <instrument id="I33f1ace8c7f35dfac229541b0e2cf2a4" />
        <type>eighth</type>
        <beam number="1">continue</beam>
      </note>
      <note>
        <pitch>
          <step>G</step>
          <octave>4</octave>
        </pitch>
        <duration>5040</duration>
        <instrument id="I33f1ace8c7f35dfac229541b0e2cf2a4" />
        <type>eighth</type>
        <beam number="1">end</beam>
      </note>
      <barline location="right">
        <bar-style>regular</bar-style>
      </barline>
    </measure>
    <!--========================= Measure 10 =========================-->
    <measure implicit="no" number="10">
      <note>
        <pitch>
          <step>C</step>
          <octave>5</octave>
        </pitch>
        <duration>10080</duration>
        <instrument id="I33f1ace8c7f35dfac229541b0e2cf2a4" />
        <type>quarter</type>
      </note>
      <note>
        <pitch>
          <step>C</step>
          <octave>5</octave>
        </pitch>
        <duration>5040</duration>
        <instrument id="I33f1ace8c7f35dfac229541b0e2cf2a4" />
        <type>eighth</type>
      </note>
      <note>
        <pitch>
          <step>A</step>
          <octave>4</octave>
        </pitch>
        <duration>10080</duration>
        <instrument id="I33f1ace8c7f35dfac229541b0e2cf2a4" />
        <type>quarter</type>
      </note>
      <note>
        <pitch>
          <step>C</step>
          <octave>5</octave>
        </pitch>
        <duration>5040</duration>
        <instrument id="I33f1ace8c7f35dfac229541b0e2cf2a4" />
        <type>eighth</type>
      </note>
      <barline location="right">
        <bar-style>regular</bar-style>
      </barline>
    </measure>
    <!--========================= Measure 11 =========================-->
    <measure implicit="no" number="11">
      <note>
        <pitch>
          <step>F</step>
          <octave>5</octave>
        </pitch>
        <duration>7560</duration>
        <instrument id="I33f1ace8c7f35dfac229541b0e2cf2a4" />
        <type>eighth</type>
        <dot />
        <beam number="1">begin</beam>
      </note>
      <note>
        <pitch>
          <step>C</step>
          <octave>5</octave>
        </pitch>
        <duration>2520</duration>
        <instrument id="I33f1ace8c7f35dfac229541b0e2cf2a4" />
        <type>16th</type>
        <beam number="1">continue</beam>
        <beam number="2">forward hook</beam>
      </note>
      <note>
        <pitch>
          <step>C</step>
          <octave>5</octave>
        </pitch>
        <duration>5040</duration>
        <instrument id="I33f1ace8c7f35dfac229541b0e2cf2a4" />
        <type>eighth</type>
        <beam number="1">end</beam>
      </note>
      <note>
        <pitch>
          <step>A</step>
          <octave>4</octave>
        </pitch>
        <duration>5040</duration>
        <instrument id="I33f1ace8c7f35dfac229541b0e2cf2a4" />
        <type>eighth</type>
        <beam number="1">begin</beam>
      </note>
      <note>
        <pitch>
          <step>F</step>
          <octave>4</octave>
        </pitch>
        <duration>5040</duration>
        <instrument id="I33f1ace8c7f35dfac229541b0e2cf2a4" />
        <type>eighth</type>
        <beam number="1">continue</beam>
      </note>
      <note>
        <pitch>
          <step>C</step>
          <octave>5</octave>
        </pitch>
        <duration>5040</duration>
        <instrument id="I33f1ace8c7f35dfac229541b0e2cf2a4" />
        <type>eighth</type>
        <beam number="1">end</beam>
      </note>
      <barline location="right">
        <bar-style>regular</bar-style>
      </barline>
    </measure>
    <!--========================= Measure 12 =========================-->
    <measure implicit="no" number="12">
      <note>
        <pitch>
          <step>B</step>
          <alter>-1</alter>
          <octave>4</octave>
        </pitch>
        <duration>10080</duration>
        <instrument id="I33f1ace8c7f35dfac229541b0e2cf2a4" />
        <type>quarter</type>
      </note>
      <note>
        <pitch>
          <step>G</step>
          <octave>4</octave>
        </pitch>
        <duration>5040</duration>
        <instrument id="I33f1ace8c7f35dfac229541b0e2cf2a4" />
        <type>eighth</type>
      </note>
      <note>
        <pitch>
          <step>A</step>
          <octave>4</octave>
        </pitch>
        <duration>10080</duration>
        <instrument id="I33f1ace8c7f35dfac229541b0e2cf2a4" />
        <type>quarter</type>
      </note>
      <note print-object="no" print-spacing="yes">
        <rest />
        <duration>5040</duration>
        <type>eighth</type>
      </note>
      <barline location="right">
        <bar-style>light-light</bar-style>
      </barline>
    </measure>
  </part>
</score-partwise>