<?xml version="1.0" encoding="utf-8"?>
<!DOCTYPE score-partwise  PUBLIC "-//Recordare//DTD MusicXML 4.0 Partwise//EN" "http://www.musicxml.org/dtds/partwise.dtd">
<score-partwise version="4.0">
  <work>
    <work-title>DER EICHWALD BRAUSET</work-title>
  </work>
  <movement-title>DER EICHWALD BRAUSET</movement-title>
  <identification>
    <creator type="electronicEditor">Helmut Schaffrath</creator>
    <encoding>
      <encoding-date>2024-04-06</encoding-date>
      <software>music21 v.9.1.0</software>
    </encoding>
    <miscellaneous>
      <miscellaneous-field name="dcterms:title">@{OTL} [@{SCT}]</miscellaneous-field>
      <miscellaneous-field name="humdrum:ARE">Europa, Mitteleuropa, Deutschland</miscellaneous-field>
      <miscellaneous-field name="humdrum:SCT">B0451</miscellaneous-field>
      <miscellaneous-field name="humdrum:YEM">Copyright 1995, estate of Helmut Schaffrath.</miscellaneous-field>
      <miscellaneous-field name="humdrum:AGN">Liebes - Lied, Leid, Klage, Tod</miscellaneous-field>
      <miscellaneous-field name="humdrum:ONB">ESAC (Essen Associative Code) Database: BOEHME</miscellaneous-field>
      <miscellaneous-field name="humdrum:AMT">simple duple</miscellaneous-field>
      <miscellaneous-field name="humdrum:AIN">vox</miscellaneous-field>
      <miscellaneous-field name="humdrum:EEV">1.0</miscellaneous-field>
    </miscellaneous>
  </identification>
  <defaults>
    <scaling>
      <millimeters>7</millimeters>
      <tenths>40</tenths>
    </scaling>
  </defaults>
  <part-list>
    <score-part id="P35b3904c791e7843551ae07023bd4eae">
      <part-name>Voice</part-name>
      <part-abbreviation>V</part-abbreviation>
      <score-instrument id="Iab71895c2353b7f5fdcd1ea30fd4f538">
        <instrument-name>Voice</instrument-name>
        <instrument-abbreviation>V</instrument-abbreviation>
      </score-instrument>
      <midi-instrument id="Iab71895c2353b7f5fdcd1ea30fd4f538">
        <midi-channel>1</midi-channel>
        <midi-program>54</midi-program>
      </midi-instrument>
    </score-part>
  </part-list>
  <!--=========================== Part 1 ===========================-->
  <part id="P35b3904c791e7843551ae07023bd4eae">
    <!--========================= Measure 0 ==========================-->
    <measure implicit="no" number="0">
      <attributes>
        <divisions>10080</divisions>
        <key>
          <fifths>0</fifths>
        </key>
        <time>
          <beats>2</beats>
          <beat-type>4</beat-type>
        </time>
      </attributes>
      <note>
        <pitch>
          <step>E</step>
          <octave>4</octave>
        </pitch>
        <duration>5040</duration>
        <instrument id="Iab71895c2353b7f5fdcd1ea30fd4f538" />
        <type>eighth</type>
      </note>
    </measure>
    <!--========================= Measure 1 ==========================-->
    <measure implicit="no" number="1">
      <note>
        <pitch>
          <step>G</step>
          <octave>4</octave>
        </pitch>
        <duration>10080</duration>
        <instrument id="Iab71895c2353b7f5fdcd1ea30fd4f538" />
        <type>quarter</type>
      </note>
      <note>
        <pitch>
          <step>G</step>
          <octave>4</octave>
        </pitch>
        <duration>10080</duration>
        <instrument id="Iab71895c2353b7f5fdcd1ea30fd4f538" />
        <type>quarter</type>
      </note>
      <barline location="right">
        <bar-style>regular</bar-style>
      </barline>
    </measure>
    <!--========================= Measure 2 ==========================-->
    <measure implicit="no" number="2">
      <note>
        <pitch>
          <step>G</step>
          <octave>4</octave>
        </pitch>
        <duration>10080</duration>
        <instrument id="Iab71895c2353b7f5fdcd1ea30fd4f538" />
        <type>quarter</type>
      </note>
      <note>
        <pitch>
          <step>E</step>
          <octave>4</octave>
        </pitch>
        <duration>5040</duration>
        <instrument id="Iab71895c2353b7f5fdcd1ea30fd4f538" />
        <type>eighth</type>
        <beam number="1">begin</beam>
      </note>
      <note>
        <pitch>
          <step>C</step>
          <octave>4</octave>
        </pitch>
        <duration>5040</duration>
        <instrument id="Iab71895c2353b7f5fdcd1ea30fd4f538" />
        <type>eighth</type>
        <beam number="1">end</beam>
      </note>
      <barline location="right">
        <bar-style>regular</bar-style>
      </barline>
    </measure>
    <!--========================= Measure 3 ==========================-->
    <measure implicit="no" number="3">
      <note>
        <pitch>
          <step>G</step>
          <octave>4</octave>
        </pitch>
        <duration>10080</duration>
        <instrument id="Iab71895c2353b7f5fdcd1ea30fd4f538" />
        <type>quarter</type>
      </note>
      <note>
        <pitch>
          <step>G</step>
          <octave>4</octave>
        </pitch>
        <duration>10080</duration>
        <instrument id="Iab71895c2353b7f5fdcd1ea30fd4f538" />
        <type>quarter</type>
      </note>
      <barline location="right">
        <bar-style>regular</bar-style>
      </barline>
    </measure>
    <!--========================= Measure 4 ==========================-->
    <measure implicit="no" number="4">
      <note>
        <pitch>
          <step>G</step>
          <octave>4</octave>
        </pitch>
        <duration>10080</duration>
        <instrument id="Iab71895c2353b7f5fdcd1ea30fd4f538" />
        <type>quarter</type>
      </note>
      <note>
        <rest />
        <duration>5040</duration>
        <type>eighth</type>
      </note>
      <note>
        <pitch>
          <step>G</step>
          <octave>4</octave>
        </pitch>
        <duration>5040</duration>
        <instrument id="Iab71895c2353b7f5fdcd1ea30fd4f538" />
        <type>eighth</type>
      </note>
      <barline location="right">
        <bar-style>regular</bar-style>
      </barline>
    </measure>
    <!--========================= Measure 5 ==========================-->
    <measure implicit="no" number="5">
      <note>
        <pitch>
          <step>C</step>
          <octave>5</octave>
        </pitch>
        <duration>15120</duration>
        <instrument id="Iab71895c2353b7f5fdcd1ea30fd4f538" />
        <type>quarter</type>
        <dot />
      </note>
      <note>
        <pitch>
          <step>C</step>
          <octave>5</octave>
        </pitch>
        <duration>5040</duration>
        <instrument id="Iab71895c2353b7f5fdcd1ea30fd4f538" />
        <type>eighth</type>
      </note>
      <barline location="right">
        <bar-style>regular</bar-style>
      </barline>
    </measure>
    <!--========================= Measure 6 ==========================-->
    <measure implicit="no" number="6">
      <note>
        <pitch>
          <step>B</step>
          <octave>4</octave>
        </pitch>
        <duration>5040</duration>
        <instrument id="Iab71895c2353b7f5fdcd1ea30fd4f538" />
        <type>eighth</type>
        <beam number="1">begin</beam>
      </note>
      <note>
        <pitch>
          <step>A</step>
          <octave>4</octave>
        </pitch>
        <duration>5040</duration>
        <instrument id="Iab71895c2353b7f5fdcd1ea30fd4f538" />
        <type>eighth</type>
        <beam number="1">end</beam>
      </note>
      <note>
        <pitch>
          <step>A</step>
          <octave>4</octave>
        </pitch>
        <duration>5040</duration>
        <instrument id="Iab71895c2353b7f5fdcd1ea30fd4f538" />
        <type>eighth</type>
        <beam number="1">begin</beam>
      </note>
      <note>
        <pitch>
          <step>A</step>
          <octave>4</octave>
        </pitch>
        <duration>5040</duration>
        <instrument id="Iab71895c2353b7f5fdcd1ea30fd4f538" />
        <type>eighth</type>
        <beam number="1">end</beam>
      </note>
      <barline location="right">
        <bar-style>regular</bar-style>
      </barline>
    </measure>
    <!--========================= Measure 7 ==========================-->
    <measure implicit="no" number="7">
      <note>
        <pitch>
          <step>G</step>
          <octave>4</octave>
        </pitch>
        <duration>5040</duration>
        <instrument id="Iab71895c2353b7f5fdcd1ea30fd4f538" />
        <type>eighth</type>
        <beam number="1">begin</beam>
      </note>
      <note>
        <pitch>
          <step>A</step>
          <octave>4</octave>
        </pitch>
        <duration>5040</duration>
        <instrument id="Iab71895c2353b7f5fdcd1ea30fd4f538" />
        <type>eighth</type>
        <beam number="1">end</beam>
      </note>
      <note>
        <pitch>
          <step>G</step>
          <octave>4</octave>
        </pitch>
        <duration>7560</duration>
        <instrument id="Iab71895c2353b7f5fdcd1ea30fd4f538" />
        <type>eighth</type>
        <dot />
        <beam number="1">begin</beam>
      </note>
      <note>
        <pitch>
          <step>F</step>
          <octave>4</octave>
        </pitch>
        <duration>2520</duration>
        <instrument id="Iab71895c2353b7f5fdcd1ea30fd4f538" />
        <type>16th</type>
        <beam number="1">end</beam>
        <beam number="2">backward hook</beam>
      </note>
      <barline location="right">
        <bar-style>regular</bar-style>
      </barline>
    </measure>
    <!--========================= Measure 8 ==========================-->
    <measure implicit="no" number="8">
      <note>
        <pitch>
          <step>E</step>
          <octave>4</octave>
        </pitch>
        <duration>10080</duration>
        <instrument id="Iab71895c2353b7f5fdcd1ea30fd4f538" />
        <type>quarter</type>
      </note>
      <note>
        <rest />
        <duration>5040</duration>
        <type>eighth</type>
      </note>
      <note>
        <pitch>
          <step>G</step>
          <octave>4</octave>
        </pitch>
        <duration>5040</duration>
        <instrument id="Iab71895c2353b7f5fdcd1ea30fd4f538" />
        <type>eighth</type>
      </note>
      <barline location="right">
        <bar-style>regular</bar-style>
      </barline>
    </measure>
    <!--========================= Measure 9 ==========================-->
    <measure implicit="no" number="9">
      <note>
        <pitch>
          <step>C</step>
          <octave>5</octave>
        </pitch>
        <duration>10080</duration>
        <instrument id="Iab71895c2353b7f5fdcd1ea30fd4f538" />
        <type>quarter</type>
      </note>
      <note>
        <pitch>
          <step>C</step>
          <octave>5</octave>
        </pitch>
        <duration>7560</duration>
        <instrument id="Iab71895c2353b7f5fdcd1ea30fd4f538" />
        <type>eighth</type>
        <dot />
        <beam number="1">begin</beam>
      </note>
      <note>
        <pitch>
          <step>E</step>
          <octave>5</octave>
        </pitch>
        <duration>2520</duration>
        <instrument id="Iab71895c2353b7f5fdcd1ea30fd4f538" />
        <type>16th</type>
        <beam number="1">end</beam>
        <beam number="2">backward hook</beam>
      </note>
      <barline location="right">
        <bar-style>regular</bar-style>
      </barline>
    </measure>
    <!--========================= Measure 10 =========================-->
    <measure implicit="no" number="10">
      <note>
        <pitch>
          <step>E</step>
          <octave>5</octave>
        </pitch>
        <duration>10080</duration>
        <instrument id="Iab71895c2353b7f5fdcd1ea30fd4f538" />
        <type>quarter</type>
      </note>
      <note>
        <pitch>
          <step>B</step>
          <octave>4</octave>
        </pitch>
        <duration>5040</duration>
        <instrument id="Iab71895c2353b7f5fdcd1ea30fd4f538" />
        <type>eighth</type>
        <beam number="1">begin</beam>
      </note>
      <note>
        <pitch>
          <step>B</step>
          <octave>4</octave>
        </pitch>
        <duration>5040</duration>
        <instrument id="Iab71895c2353b7f5fdcd1ea30fd4f538" />
        <type>eighth</type>
        <beam number="1">end</beam>
      </note>
      <barline location="right">
        <bar-style>regular</bar-style>
      </barline>
    </measure>
    <!--========================= Measure 11 =========================-->
    <measure implicit="no" number="11">
      <note>
        <pitch>
          <step>E</step>
          <octave>5</octave>
        </pitch>
        <duration>10080</duration>
        <instrument id="Iab71895c2353b7f5fdcd1ea30fd4f538" />
        <type>quarter</type>
      </note>
      <note>
        <rest />
        <duration>5040</duration>
        <type>eighth</type>
      </note>
      <note>
        <pitch>
          <step>B</step>
          <octave>4</octave>
        </pitch>
        <duration>5040</duration>
        <instrument id="Iab71895c2353b7f5fdcd1ea30fd4f538" />
        <type>eighth</type>
      </note>
      <barline location="right">
        <bar-style>regular</bar-style>
      </barline>
    </measure>
    <!--========================= Measure 12 =========================-->
    <measure implicit="no" number="12">
      <note>
        <pitch>
          <step>C</step>
          <octave>5</octave>
        </pitch>
        <duration>10080</duration>
        <instrument id="Iab71895c2353b7f5fdcd1ea30fd4f538" />
        <type>quarter</type>
      </note>
      <note>
        <rest />
        <duration>5040</duration>
        <type>eighth</type>
      </note>
      <note>
        <pitch>
          <step>C</step>
          <octave>5</octave>
        </pitch>
        <duration>5040</duration>
        <instrument id="Iab71895c2353b7f5fdcd1ea30fd4f538" />
        <type>eighth</type>
      </note>
      <barline location="right">
        <bar-style>regular</bar-style>
      </barline>
    </measure>
    <!--========================= Measure 13 =========================-->
    <measure implicit="no" number="13">
      <note>
        <pitch>
          <step>F</step>
          <alter>1</alter>
          <octave>4</octave>
        </pitch>
        <duration>10080</duration>
        <instrument id="Iab71895c2353b7f5fdcd1ea30fd4f538" />
        <type>quarter</type>
        <accidental>sharp</accidental>
      </note>
      <note>
        <pitch>
          <step>F</step>
          <alter>1</alter>
          <octave>4</octave>
        </pitch>
        <duration>7560</duration>
        <instrument id="Iab71895c2353b7f5fdcd1ea30fd4f538" />
        <type>eighth</type>
        <dot />
        <beam number="1">begin</beam>
      </note>
      <note>
        <pitch>
          <step>B</step>
          <octave>4</octave>
        </pitch>
        <duration>2520</duration>
        <instrument id="Iab71895c2353b7f5fdcd1ea30fd4f538" />
        <type>16th</type>
        <beam number="1">end</beam>
        <beam number="2">backward hook</beam>
      </note>
      <barline location="right">
        <bar-style>regular</bar-style>
      </barline>
    </measure>
    <!--========================= Measure 14 =========================-->
    <measure implicit="no" number="14">
      <note>
        <pitch>
          <step>B</step>
          <octave>4</octave>
        </pitch>
        <duration>10080</duration>
        <instrument id="Iab71895c2353b7f5fdcd1ea30fd4f538" />
        <type>quarter</type>
      </note>
      <note>
        <pitch>
          <step>A</step>
          <octave>4</octave>
        </pitch>
        <duration>2520</duration>
        <instrument id="Iab71895c2353b7f5fdcd1ea30fd4f538" />
        <type>16th</type>
        <beam number="1">begin</beam>
        <beam number="2">begin</beam>
      </note>
      <note>
        <pitch>
          <step>G</step>
          <octave>4</octave>
        </pitch>
        <duration>2520</duration>
        <instrument id="Iab71895c2353b7f5fdcd1ea30fd4f538" />
        <type>16th</type>
        <beam number="1">continue</beam>
        <beam number="2">end</beam>
      </note>
      <note>
        <pitch>
          <step>F</step>
          <alter>1</alter>
          <octave>4</octave>
        </pitch>
        <duration>2520</duration>
        <instrument id="Iab71895c2353b7f5fdcd1ea30fd4f538" />
        <type>16th</type>
        <accidental>sharp</accidental>
        <beam number="1">continue</beam>
        <beam number="2">begin</beam>
      </note>
      <note>
        <pitch>
          <step>E</step>
          <octave>4</octave>
        </pitch>
        <duration>2520</duration>
        <instrument id="Iab71895c2353b7f5fdcd1ea30fd4f538" />
        <type>16th</type>
        <beam number="1">end</beam>
        <beam number="2">end</beam>
      </note>
      <barline location="right">
        <bar-style>regular</bar-style>
      </barline>
    </measure>
    <!--========================= Measure 15 =========================-->
    <measure implicit="no" number="15">
      <note>
        <pitch>
          <step>E</step>
          <octave>4</octave>
        </pitch>
        <duration>15120</duration>
        <instrument id="Iab71895c2353b7f5fdcd1ea30fd4f538" />
        <type>quarter</type>
        <dot />
      </note>
      <note>
        <pitch>
          <step>D</step>
          <alter>1</alter>
          <octave>4</octave>
        </pitch>
        <duration>2520</duration>
        <instrument id="Iab71895c2353b7f5fdcd1ea30fd4f538" />
        <type>16th</type>
        <accidental>sharp</accidental>
        <beam number="1">begin</beam>
        <beam number="2">begin</beam>
      </note>
      <note>
        <pitch>
          <step>E</step>
          <octave>4</octave>
        </pitch>
        <duration>2520</duration>
        <instrument id="Iab71895c2353b7f5fdcd1ea30fd4f538" />
        <type>16th</type>
        <beam number="1">end</beam>
        <beam number="2">end</beam>
      </note>
      <barline location="right">
        <bar-style>regular</bar-style>
      </barline>
    </measure>
    <!--========================= Measure 16 =========================-->
    <measure implicit="no" number="16">
      <note>
        <pitch>
          <step>F</step>
          <alter>1</alter>
          <octave>4</octave>
        </pitch>
        <duration>10080</duration>
        <instrument id="Iab71895c2353b7f5fdcd1ea30fd4f538" />
        <type>quarter</type>
        <accidental>sharp</accidental>
      </note>
      <note>
        <rest />
        <duration>5040</duration>
        <type>eighth</type>
      </note>
      <note>
        <pitch>
          <step>B</step>
          <octave>4</octave>
        </pitch>
        <duration>5040</duration>
        <instrument id="Iab71895c2353b7f5fdcd1ea30fd4f538" />
        <type>eighth</type>
      </note>
      <barline location="right">
        <bar-style>regular</bar-style>
      </barline>
    </measure>
    <!--========================= Measure 17 =========================-->
    <measure implicit="no" number="17">
      <note>
        <pitch>
          <step>C</step>
          <octave>5</octave>
        </pitch>
        <duration>10080</duration>
        <instrument id="Iab71895c2353b7f5fdcd1ea30fd4f538" />
        <type>quarter</type>
      </note>
      <note>
        <pitch>
          <step>C</step>
          <octave>5</octave>
        </pitch>
        <duration>5040</duration>
        <instrument id="Iab71895c2353b7f5fdcd1ea30fd4f538" />
        <type>eighth</type>
        <beam number="1">begin</beam>
      </note>
      <note>
        <pitch>
          <step>C</step>
          <octave>5</octave>
        </pitch>
        <duration>5040</duration>
        <instrument id="Iab71895c2353b7f5fdcd1ea30fd4f538" />
        <type>eighth</type>
        <beam number="1">end</beam>
      </note>
      <barline location="right">
        <bar-style>regular</bar-style>
      </barline>
    </measure>
    <!--========================= Measure 18 =========================-->
    <measure implicit="no" number="18">
      <note>
        <pitch>
          <step>D</step>
          <alter>1</alter>
          <octave>4</octave>
        </pitch>
        <duration>10080</duration>
        <instrument id="Iab71895c2353b7f5fdcd1ea30fd4f538" />
        <type>quarter</type>
        <accidental>sharp</accidental>
      </note>
      <note>
        <pitch>
          <step>E</step>
          <octave>4</octave>
        </pitch>
        <duration>5040</duration>
        <instrument id="Iab71895c2353b7f5fdcd1ea30fd4f538" />
        <type>eighth</type>
        <beam number="1">begin</beam>
      </note>
      <note>
        <pitch>
          <step>G</step>
          <octave>4</octave>
        </pitch>
        <duration>5040</duration>
        <instrument id="Iab71895c2353b7f5fdcd1ea30fd4f538" />
        <type>eighth</type>
        <beam number="1">end</beam>
      </note>
      <barline location="right">
        <bar-style>regular</bar-style>
      </barline>
    </measure>
    <!--========================= Measure 19 =========================-->
    <measure implicit="no" number="19">
      <note>
        <pitch>
          <step>F</step>
          <alter>1</alter>
          <octave>4</octave>
        </pitch>
        <duration>10080</duration>
        <instrument id="Iab71895c2353b7f5fdcd1ea30fd4f538" />
        <type>quarter</type>
        <accidental>sharp</accidental>
      </note>
      <note>
        <pitch>
          <step>B</step>
          <octave>4</octave>
        </pitch>
        <duration>10080</duration>
        <instrument id="Iab71895c2353b7f5fdcd1ea30fd4f538" />
        <type>quarter</type>
      </note>
      <barline location="right">
        <bar-style>regular</bar-style>
      </barline>
    </measure>
    <!--========================= Measure 20 =========================-->
    <measure implicit="no" number="20">
      <note>
        <pitch>
          <step>E</step>
          <octave>4</octave>
        </pitch>
        <duration>10080</duration>
        <instrument id="Iab71895c2353b7f5fdcd1ea30fd4f538" />
        <type>quarter</type>
      </note>
      <note>
        <rest />
        <duration>5040</duration>
        <type>eighth</type>
      </note>
      <note>
        <pitch>
          <step>E</step>
          <octave>4</octave>
        </pitch>
        <duration>5040</duration>
        <instrument id="Iab71895c2353b7f5fdcd1ea30fd4f538" />
        <type>eighth</type>
      </note>
      <barline location="right">
        <bar-style>regular</bar-style>
      </barline>
    </measure>
    <!--========================= Measure 21 =========================-->
    <measure implicit="no" number="21">
      <note>
        <pitch>
          <step>G</step>
          <octave>4</octave>
        </pitch>
        <duration>10080</duration>
        <instrument id="Iab71895c2353b7f5fdcd1ea30fd4f538" />
        <type>quarter</type>
      </note>
      <note>
        <pitch>
          <step>E</step>
          <octave>4</octave>
        </pitch>
        <duration>7560</duration>
        <instrument id="Iab71895c2353b7f5fdcd1ea30fd4f538" />
        <type>eighth</type>
        <dot />
        <beam number="1">begin</beam>
      </note>
      <note>
        <pitch>
          <step>E</step>
          <octave>4</octave>
        </pitch>
        <duration>2520</duration>
        <instrument id="Iab71895c2353b7f5fdcd1ea30fd4f538" />
        <type>16th</type>
        <beam number="1">end</beam>
        <beam number="2">backward hook</beam>
      </note>
      <barline location="right">
        <bar-style>regular</bar-style>
      </barline>
    </measure>
    <!--========================= Measure 22 =========================-->
    <measure implicit="no" number="22">
      <note>
        <pitch>
          <step>F</step>
          <octave>4</octave>
        </pitch>
        <duration>10080</duration>
        <instrument id="Iab71895c2353b7f5fdcd1ea30fd4f538" />
        <type>quarter</type>
      </note>
      <note>
        <pitch>
          <step>D</step>
          <octave>4</octave>
        </pitch>
        <duration>5040</duration>
        <instrument id="Iab71895c2353b7f5fdcd1ea30fd4f538" />
        <type>eighth</type>
        <beam number="1">begin</beam>
      </note>
      <note>
        <pitch>
          <step>D</step>
          <octave>4</octave>
        </pitch>
        <duration>5040</duration>
        <instrument id="Iab71895c2353b7f5fdcd1ea30fd4f538" />
        <type>eighth</type>
        <beam number="1">end</beam>
      </note>
      <barline location="right">
        <bar-style>regular</bar-style>
      </barline>
    </measure>
    <!--========================= Measure 23 =========================-->
    <measure implicit="no" number="23">
      <note>
        <pitch>
          <step>E</step>
          <octave>4</octave>
        </pitch>
        <duration>10080</duration>
        <instrument id="Iab71895c2353b7f5fdcd1ea30fd4f538" />
        <type>quarter</type>
      </note>
      <note>
        <pitch>
          <step>G</step>
          <octave>4</octave>
        </pitch>
        <duration>10080</duration>
        <instrument id="Iab71895c2353b7f5fdcd1ea30fd4f538" />
        <type>quarter</type>
      </note>
      <barline location="right">
        <bar-style>regular</bar-style>
      </barline>
    </measure>
    <!--========================= Measure 24 =========================-->
    <measure implicit="no" number="24">
      <note>
        <pitch>
          <step>D</step>
          <octave>4</octave>
        </pitch>
        <duration>10080</duration>
        <instrument id="Iab71895c2353b7f5fdcd1ea30fd4f538" />
        <type>quarter</type>
      </note>
      <note>
        <rest />
        <duration>5040</duration>
        <type>eighth</type>
      </note>
      <note>
        <pitch>
          <step>G</step>
          <octave>4</octave>
        </pitch>
        <duration>5040</duration>
        <instrument id="Iab71895c2353b7f5fdcd1ea30fd4f538" />
        <type>eighth</type>
      </note>
      <barline location="right">
        <bar-style>regular</bar-style>
      </barline>
    </measure>
    <!--========================= Measure 25 =========================-->
    <measure implicit="no" number="25">
      <note>
        <pitch>
          <step>C</step>
          <octave>5</octave>
        </pitch>
        <duration>15120</duration>
        <instrument id="Iab71895c2353b7f5fdcd1ea30fd4f538" />
        <type>quarter</type>
        <dot />
      </note>
      <note>
        <pitch>
          <step>C</step>
          <octave>5</octave>
        </pitch>
        <duration>5040</duration>
        <instrument id="Iab71895c2353b7f5fdcd1ea30fd4f538" />
        <type>eighth</type>
      </note>
      <barline location="right">
        <bar-style>regular</bar-style>
      </barline>
    </measure>
    <!--========================= Measure 26 =========================-->
    <measure implicit="no" number="26">
      <note>
        <pitch>
          <step>B</step>
          <octave>4</octave>
        </pitch>
        <duration>5040</duration>
        <instrument id="Iab71895c2353b7f5fdcd1ea30fd4f538" />
        <type>eighth</type>
        <beam number="1">begin</beam>
      </note>
      <note>
        <pitch>
          <step>A</step>
          <octave>4</octave>
        </pitch>
        <duration>5040</duration>
        <instrument id="Iab71895c2353b7f5fdcd1ea30fd4f538" />
        <type>eighth</type>
        <beam number="1">end</beam>
      </note>
      <note>
        <pitch>
          <step>A</step>
          <octave>4</octave>
        </pitch>
        <duration>5040</duration>
        <instrument id="Iab71895c2353b7f5fdcd1ea30fd4f538" />
        <type>eighth</type>
        <beam number="1">begin</beam>
      </note>
      <note>
        <pitch>
          <step>A</step>
          <octave>4</octave>
        </pitch>
        <duration>5040</duration>
        <instrument id="Iab71895c2353b7f5fdcd1ea30fd4f538" />
        <type>eighth</type>
        <beam number="1">end</beam>
      </note>
      <barline location="right">
        <bar-style>regular</bar-style>
      </barline>
    </measure>
    <!--========================= Measure 27 =========================-->
    <measure implicit="no" number="27">
      <note>
        <pitch>
          <step>D</step>
          <octave>4</octave>
        </pitch>
        <duration>10080</duration>
        <instrument id="Iab71895c2353b7f5fdcd1ea30fd4f538" />
        <type>quarter</type>
      </note>
      <note>
        <pitch>
          <step>D</step>
          <octave>4</octave>
        </pitch>
        <duration>5040</duration>
        <instrument id="Iab71895c2353b7f5fdcd1ea30fd4f538" />
        <type>eighth</type>
        <beam number="1">begin</beam>
      </note>
      <note>
        <pitch>
          <step>G</step>
          <octave>4</octave>
        </pitch>
        <duration>5040</duration>
        <instrument id="Iab71895c2353b7f5fdcd1ea30fd4f538" />
        <type>eighth</type>
        <beam number="1">end</beam>
      </note>
      <barline location="right">
        <bar-style>regular</bar-style>
      </barline>
    </measure>
    <!--========================= Measure 28 =========================-->
    <measure implicit="no" number="28">
      <note>
        <pitch>
          <step>E</step>
          <octave>4</octave>
        </pitch>
        <duration>10080</duration>
        <instrument id="Iab71895c2353b7f5fdcd1ea30fd4f538" />
        <type>quarter</type>
      </note>
      <note>
        <rest />
        <duration>5040</duration>
        <type>eighth</type>
      </note>
      <note>
        <pitch>
          <step>C</step>
          <octave>5</octave>
        </pitch>
        <duration>5040</duration>
        <instrument id="Iab71895c2353b7f5fdcd1ea30fd4f538" />
        <type>eighth</type>
      </note>
      <barline location="right">
        <bar-style>regular</bar-style>
      </barline>
    </measure>
    <!--========================= Measure 29 =========================-->
    <measure implicit="no" number="29">
      <note>
        <pitch>
          <step>C</step>
          <octave>5</octave>
        </pitch>
        <duration>15120</duration>
        <instrument id="Iab71895c2353b7f5fdcd1ea30fd4f538" />
        <type>quarter</type>
        <dot />
      </note>
      <note>
        <pitch>
          <step>E</step>
          <octave>4</octave>
        </pitch>
        <duration>5040</duration>
        <instrument id="Iab71895c2353b7f5fdcd1ea30fd4f538" />
        <type>eighth</type>
      </note>
      <barline location="right">
        <bar-style>regular</bar-style>
      </barline>
    </measure>
    <!--========================= Measure 30 =========================-->
    <measure implicit="no" number="30">
      <note>
        <pitch>
          <step>E</step>
          <octave>4</octave>
        </pitch>
        <duration>10080</duration>
        <instrument id="Iab71895c2353b7f5fdcd1ea30fd4f538" />
        <type>quarter</type>
      </note>
      <note>
        <rest />
        <duration>10080</duration>
        <type>quarter</type>
      </note>
      <barline location="right">
        <bar-style>regular</bar-style>
      </barline>
    </measure>
    <!--========================= Measure 31 =========================-->
    <measure implicit="no" number="31">
      <note>
        <pitch>
          <step>F</step>
          <octave>4</octave>
        </pitch>
        <duration>10080</duration>
        <instrument id="Iab71895c2353b7f5fdcd1ea30fd4f538" />
        <type>quarter</type>
      </note>
      <note>
        <pitch>
          <step>F</step>
          <octave>4</octave>
        </pitch>
        <duration>5040</duration>
        <instrument id="Iab71895c2353b7f5fdcd1ea30fd4f538" />
        <type>eighth</type>
        <beam number="1">begin</beam>
      </note>
      <note>
        <pitch>
          <step>F</step>
          <octave>4</octave>
        </pitch>
        <duration>5040</duration>
        <instrument id="Iab71895c2353b7f5fdcd1ea30fd4f538" />
        <type>eighth</type>
        <beam number="1">end</beam>
      </note>
      <barline location="right">
        <bar-style>regular</bar-style>
      </barline>
    </measure>
    <!--========================= Measure 32 =========================-->
    <measure implicit="no" number="32">
      <note>
        <pitch>
          <step>G</step>
          <octave>4</octave>
        </pitch>
        <duration>15120</duration>
        <instrument id="Iab71895c2353b7f5fdcd1ea30fd4f538" />
        <type>quarter</type>
        <dot />
      </note>
      <note>
        <pitch>
          <step>G</step>
          <octave>4</octave>
        </pitch>
        <duration>5040</duration>
        <instrument id="Iab71895c2353b7f5fdcd1ea30fd4f538" />
        <type>eighth</type>
      </note>
      <barline location="right">
        <bar-style>regular</bar-style>
      </barline>
    </measure>
    <!--========================= Measure 33 =========================-->
    <measure implicit="no" number="33">
      <note>
        <pitch>
          <step>A</step>
          <octave>4</octave>
        </pitch>
        <duration>10080</duration>
        <instrument id="Iab71895c2353b7f5fdcd1ea30fd4f538" />
        <type>quarter</type>
      </note>
      <note>
        <rest />
        <duration>5040</duration>
        <type>eighth</type>
      </note>
      <note>
        <pitch>
          <step>A</step>
          <octave>4</octave>
        </pitch>
        <duration>5040</duration>
        <instrument id="Iab71895c2353b7f5fdcd1ea30fd4f538" />
        <type>eighth</type>
      </note>
      <barline location="right">
        <bar-style>regular</bar-style>
      </barline>
    </measure>
    <!--========================= Measure 34 =========================-->
    <measure implicit="no" number="34">
      <note>
        <pitch>
          <step>G</step>
          <octave>4</octave>
        </pitch>
        <duration>10080</duration>
        <instrument id="Iab71895c2353b7f5fdcd1ea30fd4f538" />
        <type>quarter</type>
      </note>
      <note>
        <pitch>
          <step>G</step>
          <octave>4</octave>
        </pitch>
        <duration>3360</duration>
        <instrument id="Iab71895c2353b7f5fdcd1ea30fd4f538" />
        <type>eighth</type>
        <time-modification>
          <actual-notes>3</actual-notes>
          <normal-notes>2</normal-notes>
          <normal-type>eighth</normal-type>
        </time-modification>
        <beam number="1">begin</beam>
        <notations>
          <tuplet bracket="yes" number="1" placement="above" type="start">
            <tuplet-actual>
              <tuplet-number>3</tuplet-number>
              <tuplet-type>eighth</tuplet-type>
            </tuplet-actual>
            <tuplet-normal>
              <tuplet-number>2</tuplet-number>
              <tuplet-type>eighth</tuplet-type>
            </tuplet-normal>
          </tuplet>
        </notations>
      </note>
      <note>
        <pitch>
          <step>A</step>
          <octave>4</octave>
        </pitch>
        <duration>3360</duration>
        <instrument id="Iab71895c2353b7f5fdcd1ea30fd4f538" />
        <type>eighth</type>
        <time-modification>
          <actual-notes>3</actual-notes>
          <normal-notes>2</normal-notes>
          <normal-type>eighth</normal-type>
        </time-modification>
        <beam number="1">continue</beam>
      </note>
      <note>
        <pitch>
          <step>B</step>
          <octave>4</octave>
        </pitch>
        <duration>3360</duration>
        <instrument id="Iab71895c2353b7f5fdcd1ea30fd4f538" />
        <type>eighth</type>
        <time-modification>
          <actual-notes>3</actual-notes>
          <normal-notes>2</normal-notes>
          <normal-type>eighth</normal-type>
        </time-modification>
        <beam number="1">end</beam>
        <notations>
          <tuplet number="1" type="stop" />
        </notations>
      </note>
      <barline location="right">
        <bar-style>regular</bar-style>
      </barline>
    </measure>
    <!--========================= Measure 35 =========================-->
    <measure implicit="no" number="35">
      <note>
        <pitch>
          <step>C</step>
          <octave>5</octave>
        </pitch>
        <duration>3360</duration>
        <instrument id="Iab71895c2353b7f5fdcd1ea30fd4f538" />
        <type>eighth</type>
        <time-modification>
          <actual-notes>3</actual-notes>
          <normal-notes>2</normal-notes>
          <normal-type>eighth</normal-type>
        </time-modification>
        <beam number="1">begin</beam>
        <notations>
          <tuplet bracket="yes" number="1" placement="above" type="start">
            <tuplet-actual>
              <tuplet-number>3</tuplet-number>
              <tuplet-type>eighth</tuplet-type>
            </tuplet-actual>
            <tuplet-normal>
              <tuplet-number>2</tuplet-number>
              <tuplet-type>eighth</tuplet-type>
            </tuplet-normal>
          </tuplet>
        </notations>
      </note>
      <note>
        <pitch>
          <step>E</step>
          <octave>5</octave>
        </pitch>
        <duration>3360</duration>
        <instrument id="Iab71895c2353b7f5fdcd1ea30fd4f538" />
        <type>eighth</type>
        <time-modification>
          <actual-notes>3</actual-notes>
          <normal-notes>2</normal-notes>
          <normal-type>eighth</normal-type>
        </time-modification>
        <beam number="1">continue</beam>
      </note>
      <note>
        <pitch>
          <step>D</step>
          <octave>5</octave>
        </pitch>
        <duration>3360</duration>
        <instrument id="Iab71895c2353b7f5fdcd1ea30fd4f538" />
        <type>eighth</type>
        <time-modification>
          <actual-notes>3</actual-notes>
          <normal-notes>2</normal-notes>
          <normal-type>eighth</normal-type>
        </time-modification>
        <beam number="1">end</beam>
        <notations>
          <tuplet number="1" type="stop" />
        </notations>
      </note>
      <note>
        <pitch>
          <step>C</step>
          <octave>5</octave>
        </pitch>
        <duration>3360</duration>
        <instrument id="Iab71895c2353b7f5fdcd1ea30fd4f538" />
        <type>eighth</type>
        <time-modification>
          <actual-notes>3</actual-notes>
          <normal-notes>2</normal-notes>
          <normal-type>eighth</normal-type>
        </time-modification>
        <beam number="1">begin</beam>
        <notations>
          <tuplet bracket="yes" number="1" placement="above" type="start">
            <tuplet-actual>
              <tuplet-number>3</tuplet-number>
              <tuplet-type>eighth</tuplet-type>
            </tuplet-actual>
            <tuplet-normal>
              <tuplet-number>2</tuplet-number>
              <tuplet-type>eighth</tuplet-type>
            </tuplet-normal>
          </tuplet>
        </notations>
      </note>
      <note>
        <pitch>
          <step>B</step>
          <octave>4</octave>
        </pitch>
        <duration>3360</duration>
        <instrument id="Iab71895c2353b7f5fdcd1ea30fd4f538" />
        <type>eighth</type>
        <time-modification>
          <actual-notes>3</actual-notes>
          <normal-notes>2</normal-notes>
          <normal-type>eighth</normal-type>
        </time-modification>
        <beam number="1">continue</beam>
      </note>
      <note>
        <pitch>
          <step>A</step>
          <octave>4</octave>
        </pitch>
        <duration>3360</duration>
        <instrument id="Iab71895c2353b7f5fdcd1ea30fd4f538" />
        <type>eighth</type>
        <time-modification>
          <actual-notes>3</actual-notes>
          <normal-notes>2</normal-notes>
          <normal-type>eighth</normal-type>
        </time-modification>
        <beam number="1">end</beam>
        <notations>
          <tuplet number="1" type="stop" />
        </notations>
      </note>
      <barline location="right">
        <bar-style>regular</bar-style>
      </barline>
    </measure>
    <!--========================= Measure 36 =========================-->
    <measure implicit="no" number="36">
      <note>
        <pitch>
          <step>G</step>
          <octave>4</octave>
        </pitch>
        <duration>10080</duration>
        <instrument id="Iab71895c2353b7f5fdcd1ea30fd4f538" />
        <type>quarter</type>
      </note>
      <note>
        <pitch>
          <step>G</step>
          <octave>4</octave>
        </pitch>
        <duration>3360</duration>
        <instrument id="Iab71895c2353b7f5fdcd1ea30fd4f538" />
        <type>eighth</type>
        <time-modification>
          <actual-notes>3</actual-notes>
          <normal-notes>2</normal-notes>
          <normal-type>eighth</normal-type>
        </time-modification>
        <beam number="1">begin</beam>
        <notations>
          <tuplet bracket="yes" number="1" placement="above" type="start">
            <tuplet-actual>
              <tuplet-number>3</tuplet-number>
              <tuplet-type>eighth</tuplet-type>
            </tuplet-actual>
            <tuplet-normal>
              <tuplet-number>2</tuplet-number>
              <tuplet-type>eighth</tuplet-type>
            </tuplet-normal>
          </tuplet>
        </notations>
      </note>
      <note>
        <pitch>
          <step>A</step>
          <octave>4</octave>
        </pitch>
        <duration>3360</duration>
        <instrument id="Iab71895c2353b7f5fdcd1ea30fd4f538" />
        <type>eighth</type>
        <time-modification>
          <actual-notes>3</actual-notes>
          <normal-notes>2</normal-notes>
          <normal-type>eighth</normal-type>
        </time-modification>
        <beam number="1">continue</beam>
      </note>
      <note>
        <pitch>
          <step>B</step>
          <octave>4</octave>
        </pitch>
        <duration>3360</duration>
        <instrument id="Iab71895c2353b7f5fdcd1ea30fd4f538" />
        <type>eighth</type>
        <time-modification>
          <actual-notes>3</actual-notes>
          <normal-notes>2</normal-notes>
          <normal-type>eighth</normal-type>
        </time-modification>
        <beam number="1">end</beam>
        <notations>
          <tuplet number="1" type="stop" />
        </notations>
      </note>
      <barline location="right">
        <bar-style>regular</bar-style>
      </barline>
    </measure>
    <!--========================= Measure 37 =========================-->
    <measure implicit="no" number="37">
      <note>
        <pitch>
          <step>C</step>
          <octave>5</octave>
        </pitch>
        <duration>15120</duration>
        <instrument id="Iab71895c2353b7f5fdcd1ea30fd4f538" />
        <type>quarter</type>
        <dot />
      </note>
      <note print-object="no" print-spacing="yes">
        <rest />
        <duration>5040</duration>
        <type>eighth</type>
      </note>
      <barline location="right">
        <bar-style>regular</bar-style>
      </barline>
    </measure>
    <!--========================= Measure 38 =========================-->
    <measure implicit="no" number="38">
      <note print-object="no" print-spacing="yes">
        <rest measure="yes" />
        <duration>20160</duration>
      </note>
      <barline location="right">
        <bar-style>regular</bar-style>
      </barline>
    </measure>
    <!--========================= Measure 39 =========================-->
    <measure implicit="no" number="39">
      <note>
        <pitch>
          <step>C</step>
          <octave>4</octave>
        </pitch>
        <duration>5040</duration>
        <instrument id="Iab71895c2353b7f5fdcd1ea30fd4f538" />
        <type>eighth</type>
      </note>
      <note print-object="no" print-spacing="yes">
        <rest />
        <duration>15120</duration>
        <type>quarter</type>
        <dot />
      </note>
      <barline location="right">
        <bar-style>regular</bar-style>
      </barline>
    </measure>
    <!--========================= Measure 40 =========================-->
    <measure implicit="no" number="40">
      <note>
        <pitch>
          <step>A</step>
          <octave>4</octave>
        </pitch>
        <duration>10080</duration>
        <instrument id="Iab71895c2353b7f5fdcd1ea30fd4f538" />
        <type>quarter</type>
      </note>
      <note>
        <pitch>
          <step>A</step>
          <octave>4</octave>
        </pitch>
        <duration>5040</duration>
        <instrument id="Iab71895c2353b7f5fdcd1ea30fd4f538" />
        <type>eighth</type>
        <beam number="1">begin</beam>
      </note>
      <note>
        <pitch>
          <step>A</step>
          <octave>4</octave>
        </pitch>
        <duration>5040</duration>
        <instrument id="Iab71895c2353b7f5fdcd1ea30fd4f538" />
        <type>eighth</type>
        <beam number="1">end</beam>
      </note>
      <barline location="right">
        <bar-style>regular</bar-style>
      </barline>
    </measure>
    <!--========================= Measure 41 =========================-->
    <measure implicit="no" number="41">
      <note>
        <pitch>
          <step>C</step>
          <octave>5</octave>
        </pitch>
        <duration>10080</duration>
        <instrument id="Iab71895c2353b7f5fdcd1ea30fd4f538" />
        <type>quarter</type>
      </note>
      <note>
        <pitch>
          <step>C</step>
          <octave>5</octave>
        </pitch>
        <duration>3360</duration>
        <instrument id="Iab71895c2353b7f5fdcd1ea30fd4f538" />
        <type>eighth</type>
        <time-modification>
          <actual-notes>3</actual-notes>
          <normal-notes>2</normal-notes>
          <normal-type>eighth</normal-type>
        </time-modification>
        <beam number="1">begin</beam>
        <notations>
          <tuplet bracket="yes" number="1" placement="above" type="start">
            <tuplet-actual>
              <tuplet-number>3</tuplet-number>
              <tuplet-type>eighth</tuplet-type>
            </tuplet-actual>
            <tuplet-normal>
              <tuplet-number>2</tuplet-number>
              <tuplet-type>eighth</tuplet-type>
            </tuplet-normal>
          </tuplet>
        </notations>
      </note>
      <note>
        <pitch>
          <step>A</step>
          <octave>4</octave>
        </pitch>
        <duration>3360</duration>
        <instrument id="Iab71895c2353b7f5fdcd1ea30fd4f538" />
        <type>eighth</type>
        <time-modification>
          <actual-notes>3</actual-notes>
          <normal-notes>2</normal-notes>
          <normal-type>eighth</normal-type>
        </time-modification>
        <beam number="1">continue</beam>
      </note>
      <note>
        <pitch>
          <step>F</step>
          <octave>4</octave>
        </pitch>
        <duration>3360</duration>
        <instrument id="Iab71895c2353b7f5fdcd1ea30fd4f538" />
        <type>eighth</type>
        <time-modification>
          <actual-notes>3</actual-notes>
          <normal-notes>2</normal-notes>
          <normal-type>eighth</normal-type>
        </time-modification>
        <beam number="1">end</beam>
        <notations>
          <tuplet number="1" type="stop" />
        </notations>
      </note>
      <barline location="right">
        <bar-style>regular</bar-style>
      </barline>
    </measure>
    <!--========================= Measure 42 =========================-->
    <measure implicit="no" number="42">
      <note>
        <pitch>
          <step>E</step>
          <octave>4</octave>
        </pitch>
        <duration>10080</duration>
        <instrument id="Iab71895c2353b7f5fdcd1ea30fd4f538" />
        <type>quarter</type>
      </note>
      <note>
        <pitch>
          <step>D</step>
          <octave>4</octave>
        </pitch>
        <duration>10080</duration>
        <instrument id="Iab71895c2353b7f5fdcd1ea30fd4f538" />
        <type>quarter</type>
      </note>
      <barline location="right">
        <bar-style>regular</bar-style>
      </barline>
    </measure>
    <!--========================= Measure 43 =========================-->
    <measure implicit="no" number="43">
      <note>
        <pitch>
          <step>C</step>
          <octave>4</octave>
        </pitch>
        <duration>10080</duration>
        <instrument id="Iab71895c2353b7f5fdcd1ea30fd4f538" />
        <type>quarter</type>
      </note>
      <note>
        <rest />
        <duration>5040</duration>
        <type>eighth</type>
      </note>
      <note print-object="no" print-spacing="yes">
        <rest />
        <duration>5040</duration>
        <type>eighth</type>
      </note>
      <barline location="right">
        <bar-style>light-light</bar-style>
      </barline>
    </measure>
  </part>
</score-partwise>