<?xml version="1.0" encoding="utf-8"?>
<!DOCTYPE score-partwise  PUBLIC "-//Recordare//DTD MusicXML 4.0 Partwise//EN" "http://www.musicxml.org/dtds/partwise.dtd">
<score-partwise version="4.0">
  <work>
    <work-title>Die hoechste Freud</work-title>
  </work>
  <movement-title>Die hoechste Freud</movement-title>
  <identification>
    <creator type="electronicEditor">Helmut Schaffrath</creator>
    <encoding>
      <encoding-date>2024-04-06</encoding-date>
      <software>music21 v.9.1.0</software>
    </encoding>
    <miscellaneous>
      <miscellaneous-field name="humdrum:ARE">Europa, Mitteleuropa, Deutschland</miscellaneous-field>
      <miscellaneous-field name="humdrum:SCT">A0209</miscellaneous-field>
      <miscellaneous-field name="humdrum:YEM">Copyright 1995, estate of Helmut Schaffrath.</miscellaneous-field>
      <miscellaneous-field name="humdrum:AGN">Romanze, Ballade, Lied</miscellaneous-field>
      <miscellaneous-field name="humdrum:ONB">ESAC (Essen Associative Code) Database: ALTDEU</miscellaneous-field>
      <miscellaneous-field name="humdrum:AMT">irregular</miscellaneous-field>
      <miscellaneous-field name="humdrum:AIN">vox</miscellaneous-field>
      <miscellaneous-field name="humdrum:EEV">1.0</miscellaneous-field>
    </miscellaneous>
  </identification>
  <defaults>
    <scaling>
      <millimeters>7</millimeters>
      <tenths>40</tenths>
    </scaling>
  </defaults>
  <part-list>
    <score-part id="P3cd11d3ed92d94c2ea877b37599f266b">
      <part-name>Voice</part-name>
      <part-abbreviation>V</part-abbreviation>
      <score-instrument id="Ic0cf48efe75e950cf5d524295cca8b87">
        <instrument-name>Voice</instrument-name>
        <instrument-abbreviation>V</instrument-abbreviation>
      </score-instrument>
      <midi-instrument id="Ic0cf48efe75e950cf5d524295cca8b87">
        <midi-channel>1</midi-channel>
        <midi-program>54</midi-program>
      </midi-instrument>
    </score-part>
  </part-list>
  <!--=========================== Part 1 ===========================-->
  <part id="P3cd11d3ed92d94c2ea877b37599f266b">
    <!--========================= Measure 0 ==========================-->
    <measure implicit="no" number="0">
      <attributes>
        <divisions>10080</divisions>
        <key>
          <fifths>-1</fifths>
        </key>
        <time>
          <beats>4</beats>
          <beat-type>2</beat-type>
        </time>
      </attributes>
      <note>
        <pitch>
          <step>F</step>
          <octave>4</octave>
        </pitch>
        <duration>20160</duration>
        <instrument id="Ic0cf48efe75e950cf5d524295cca8b87" />
        <type>half</type>
      </note>
    </measure>
    <!--========================= Measure 1 ==========================-->
    <measure implicit="no" number="1">
      <note>
        <pitch>
          <step>F</step>
          <octave>4</octave>
        </pitch>
        <duration>20160</duration>
        <instrument id="Ic0cf48efe75e950cf5d524295cca8b87" />
        <type>half</type>
      </note>
      <note>
        <pitch>
          <step>G</step>
          <octave>4</octave>
        </pitch>
        <duration>20160</duration>
        <instrument id="Ic0cf48efe75e950cf5d524295cca8b87" />
        <type>half</type>
      </note>
      <note>
        <pitch>
          <step>A</step>
          <octave>4</octave>
        </pitch>
        <duration>40320</duration>
        <instrument id="Ic0cf48efe75e950cf5d524295cca8b87" />
        <type>whole</type>
      </note>
      <barline location="right">
        <bar-style>regular</bar-style>
      </barline>
    </measure>
    <!--========================= Measure 2 ==========================-->
    <measure implicit="no" number="2">
      <note>
        <rest />
        <duration>20160</duration>
        <type>half</type>
      </note>
      <note>
        <pitch>
          <step>A</step>
          <octave>4</octave>
        </pitch>
        <duration>20160</duration>
        <instrument id="Ic0cf48efe75e950cf5d524295cca8b87" />
        <type>half</type>
      </note>
      <note>
        <pitch>
          <step>G</step>
          <octave>4</octave>
        </pitch>
        <duration>20160</duration>
        <instrument id="Ic0cf48efe75e950cf5d524295cca8b87" />
        <type>half</type>
      </note>
      <note>
        <pitch>
          <step>F</step>
          <octave>4</octave>
        </pitch>
        <duration>20160</duration>
        <instrument id="Ic0cf48efe75e950cf5d524295cca8b87" />
        <type>half</type>
      </note>
      <barline location="right">
        <bar-style>regular</bar-style>
      </barline>
    </measure>
    <!--========================= Measure 3 ==========================-->
    <measure implicit="no" number="3">
      <note>
        <pitch>
          <step>B</step>
          <alter>-1</alter>
          <octave>4</octave>
        </pitch>
        <duration>40320</duration>
        <instrument id="Ic0cf48efe75e950cf5d524295cca8b87" />
        <type>whole</type>
      </note>
      <note>
        <rest />
        <duration>20160</duration>
        <type>half</type>
      </note>
      <note>
        <pitch>
          <step>A</step>
          <octave>4</octave>
        </pitch>
        <duration>20160</duration>
        <instrument id="Ic0cf48efe75e950cf5d524295cca8b87" />
        <type>half</type>
      </note>
      <barline location="right">
        <bar-style>regular</bar-style>
      </barline>
    </measure>
    <!--========================= Measure 4 ==========================-->
    <measure implicit="no" number="4">
      <note>
        <pitch>
          <step>A</step>
          <octave>4</octave>
        </pitch>
        <duration>60480</duration>
        <instrument id="Ic0cf48efe75e950cf5d524295cca8b87" />
        <type>whole</type>
        <dot />
      </note>
      <note>
        <pitch>
          <step>G</step>
          <octave>4</octave>
        </pitch>
        <duration>13440</duration>
        <instrument id="Ic0cf48efe75e950cf5d524295cca8b87" />
        <type>half</type>
        <time-modification>
          <actual-notes>3</actual-notes>
          <normal-notes>2</normal-notes>
          <normal-type>half</normal-type>
        </time-modification>
        <notations>
          <tuplet bracket="yes" number="1" placement="above" type="start">
            <tuplet-actual>
              <tuplet-number>3</tuplet-number>
              <tuplet-type>half</tuplet-type>
            </tuplet-actual>
            <tuplet-normal>
              <tuplet-number>2</tuplet-number>
              <tuplet-type>half</tuplet-type>
            </tuplet-normal>
          </tuplet>
        </notations>
      </note>
      <note>
        <pitch>
          <step>F</step>
          <octave>4</octave>
        </pitch>
        <duration>6720</duration>
        <tie type="start" />
        <instrument id="Ic0cf48efe75e950cf5d524295cca8b87" />
        <type>quarter</type>
        <time-modification>
          <actual-notes>3</actual-notes>
          <normal-notes>2</normal-notes>
          <normal-type>quarter</normal-type>
        </time-modification>
        <notations>
          <tied type="start" />
        </notations>
      </note>
      <forward>
        <duration>6720</duration>
      </forward>
      <note>
        <pitch>
          <step>E</step>
          <octave>4</octave>
        </pitch>
        <duration>13440</duration>
        <instrument id="Ic0cf48efe75e950cf5d524295cca8b87" />
        <type>half</type>
        <time-modification>
          <actual-notes>3</actual-notes>
          <normal-notes>2</normal-notes>
          <normal-type>half</normal-type>
        </time-modification>
        <notations>
          <tuplet number="1" type="stop" />
        </notations>
      </note>
      <note>
        <pitch>
          <step>F</step>
          <octave>4</octave>
        </pitch>
        <duration>13440</duration>
        <instrument id="Ic0cf48efe75e950cf5d524295cca8b87" />
        <type>half</type>
        <time-modification>
          <actual-notes>3</actual-notes>
          <normal-notes>2</normal-notes>
          <normal-type>half</normal-type>
        </time-modification>
        <notations>
          <tuplet number="1" type="stop" />
        </notations>
      </note>
      <barline location="right">
        <bar-style>regular</bar-style>
      </barline>
    </measure>
    <!--========================= Measure 5 ==========================-->
    <measure implicit="no" number="5">
      <note>
        <pitch>
          <step>F</step>
          <octave>4</octave>
        </pitch>
        <duration>6720</duration>
        <tie type="stop" />
        <instrument id="Ic0cf48efe75e950cf5d524295cca8b87" />
        <type>quarter</type>
        <time-modification>
          <actual-notes>3</actual-notes>
          <normal-notes>2</normal-notes>
          <normal-type>quarter</normal-type>
        </time-modification>
        <notations>
          <tied type="stop" />
          <tuplet bracket="no" number="1" placement="above" type="start">
            <tuplet-actual>
              <tuplet-number>3</tuplet-number>
              <tuplet-type>quarter</tuplet-type>
            </tuplet-actual>
            <tuplet-normal>
              <tuplet-number>2</tuplet-number>
              <tuplet-type>quarter</tuplet-type>
            </tuplet-normal>
          </tuplet>
          <tuplet number="1" type="stop" />
        </notations>
      </note>
      <note>
        <pitch>
          <step>G</step>
          <octave>4</octave>
        </pitch>
        <duration>40320</duration>
        <instrument id="Ic0cf48efe75e950cf5d524295cca8b87" />
        <type>whole</type>
      </note>
      <note>
        <pitch>
          <step>F</step>
          <octave>4</octave>
        </pitch>
        <duration>20160</duration>
        <instrument id="Ic0cf48efe75e950cf5d524295cca8b87" />
        <type>half</type>
      </note>
      <note>
        <pitch>
          <step>F</step>
          <octave>4</octave>
        </pitch>
        <duration>20160</duration>
        <instrument id="Ic0cf48efe75e950cf5d524295cca8b87" />
        <type>half</type>
      </note>
      <barline location="right">
        <bar-style>regular</bar-style>
      </barline>
    </measure>
    <!--========================= Measure 6 ==========================-->
    <measure implicit="no" number="6">
      <note>
        <pitch>
          <step>F</step>
          <octave>4</octave>
        </pitch>
        <duration>20160</duration>
        <instrument id="Ic0cf48efe75e950cf5d524295cca8b87" />
        <type>half</type>
      </note>
      <note>
        <pitch>
          <step>G</step>
          <octave>4</octave>
        </pitch>
        <duration>20160</duration>
        <instrument id="Ic0cf48efe75e950cf5d524295cca8b87" />
        <type>half</type>
      </note>
      <note>
        <pitch>
          <step>A</step>
          <octave>4</octave>
        </pitch>
        <duration>40320</duration>
        <instrument id="Ic0cf48efe75e950cf5d524295cca8b87" />
        <type>whole</type>
      </note>
      <barline location="right">
        <bar-style>regular</bar-style>
      </barline>
    </measure>
    <!--========================= Measure 7 ==========================-->
    <measure implicit="no" number="7">
      <note>
        <rest />
        <duration>20160</duration>
        <type>half</type>
      </note>
      <note>
        <pitch>
          <step>A</step>
          <octave>4</octave>
        </pitch>
        <duration>20160</duration>
        <instrument id="Ic0cf48efe75e950cf5d524295cca8b87" />
        <type>half</type>
      </note>
      <note>
        <pitch>
          <step>G</step>
          <octave>4</octave>
        </pitch>
        <duration>20160</duration>
        <instrument id="Ic0cf48efe75e950cf5d524295cca8b87" />
        <type>half</type>
      </note>
      <note>
        <pitch>
          <step>F</step>
          <octave>4</octave>
        </pitch>
        <duration>20160</duration>
        <instrument id="Ic0cf48efe75e950cf5d524295cca8b87" />
        <type>half</type>
      </note>
      <barline location="right">
        <bar-style>regular</bar-style>
      </barline>
    </measure>
    <!--========================= Measure 8 ==========================-->
    <measure implicit="no" number="8">
      <note>
        <pitch>
          <step>B</step>
          <alter>-1</alter>
          <octave>4</octave>
        </pitch>
        <duration>40320</duration>
        <instrument id="Ic0cf48efe75e950cf5d524295cca8b87" />
        <type>whole</type>
      </note>
      <note>
        <rest />
        <duration>20160</duration>
        <type>half</type>
      </note>
      <note>
        <pitch>
          <step>A</step>
          <octave>4</octave>
        </pitch>
        <duration>20160</duration>
        <instrument id="Ic0cf48efe75e950cf5d524295cca8b87" />
        <type>half</type>
      </note>
      <barline location="right">
        <bar-style>regular</bar-style>
      </barline>
    </measure>
    <!--========================= Measure 9 ==========================-->
    <measure implicit="no" number="9">
      <note>
        <pitch>
          <step>A</step>
          <octave>4</octave>
        </pitch>
        <duration>60480</duration>
        <instrument id="Ic0cf48efe75e950cf5d524295cca8b87" />
        <type>whole</type>
        <dot />
      </note>
      <note>
        <pitch>
          <step>G</step>
          <octave>4</octave>
        </pitch>
        <duration>13440</duration>
        <instrument id="Ic0cf48efe75e950cf5d524295cca8b87" />
        <type>half</type>
        <time-modification>
          <actual-notes>3</actual-notes>
          <normal-notes>2</normal-notes>
          <normal-type>half</normal-type>
        </time-modification>
        <notations>
          <tuplet bracket="yes" number="1" placement="above" type="start">
            <tuplet-actual>
              <tuplet-number>3</tuplet-number>
              <tuplet-type>half</tuplet-type>
            </tuplet-actual>
            <tuplet-normal>
              <tuplet-number>2</tuplet-number>
              <tuplet-type>half</tuplet-type>
            </tuplet-normal>
          </tuplet>
        </notations>
      </note>
      <note>
        <pitch>
          <step>F</step>
          <octave>4</octave>
        </pitch>
        <duration>6720</duration>
        <tie type="start" />
        <instrument id="Ic0cf48efe75e950cf5d524295cca8b87" />
        <type>quarter</type>
        <time-modification>
          <actual-notes>3</actual-notes>
          <normal-notes>2</normal-notes>
          <normal-type>quarter</normal-type>
        </time-modification>
        <notations>
          <tied type="start" />
        </notations>
      </note>
      <forward>
        <duration>6720</duration>
      </forward>
      <note>
        <pitch>
          <step>E</step>
          <octave>4</octave>
        </pitch>
        <duration>13440</duration>
        <instrument id="Ic0cf48efe75e950cf5d524295cca8b87" />
        <type>half</type>
        <time-modification>
          <actual-notes>3</actual-notes>
          <normal-notes>2</normal-notes>
          <normal-type>half</normal-type>
        </time-modification>
        <notations>
          <tuplet number="1" type="stop" />
        </notations>
      </note>
      <note>
        <pitch>
          <step>F</step>
          <octave>4</octave>
        </pitch>
        <duration>13440</duration>
        <instrument id="Ic0cf48efe75e950cf5d524295cca8b87" />
        <type>half</type>
        <time-modification>
          <actual-notes>3</actual-notes>
          <normal-notes>2</normal-notes>
          <normal-type>half</normal-type>
        </time-modification>
        <notations>
          <tuplet number="1" type="stop" />
        </notations>
      </note>
      <barline location="right">
        <bar-style>regular</bar-style>
      </barline>
    </measure>
    <!--========================= Measure 10 =========================-->
    <measure implicit="no" number="10">
      <note>
        <pitch>
          <step>F</step>
          <octave>4</octave>
        </pitch>
        <duration>6720</duration>
        <tie type="stop" />
        <instrument id="Ic0cf48efe75e950cf5d524295cca8b87" />
        <type>quarter</type>
        <time-modification>
          <actual-notes>3</actual-notes>
          <normal-notes>2</normal-notes>
          <normal-type>quarter</normal-type>
        </time-modification>
        <notations>
          <tied type="stop" />
          <tuplet bracket="no" number="1" placement="above" type="start">
            <tuplet-actual>
              <tuplet-number>3</tuplet-number>
              <tuplet-type>quarter</tuplet-type>
            </tuplet-actual>
            <tuplet-normal>
              <tuplet-number>2</tuplet-number>
              <tuplet-type>quarter</tuplet-type>
            </tuplet-normal>
          </tuplet>
          <tuplet number="1" type="stop" />
        </notations>
      </note>
      <note>
        <pitch>
          <step>G</step>
          <octave>4</octave>
        </pitch>
        <duration>40320</duration>
        <instrument id="Ic0cf48efe75e950cf5d524295cca8b87" />
        <type>whole</type>
      </note>
      <note>
        <pitch>
          <step>F</step>
          <octave>4</octave>
        </pitch>
        <duration>20160</duration>
        <instrument id="Ic0cf48efe75e950cf5d524295cca8b87" />
        <type>half</type>
      </note>
      <note>
        <pitch>
          <step>A</step>
          <octave>4</octave>
        </pitch>
        <duration>20160</duration>
        <instrument id="Ic0cf48efe75e950cf5d524295cca8b87" />
        <type>half</type>
      </note>
      <barline location="right">
        <bar-style>regular</bar-style>
      </barline>
    </measure>
    <!--========================= Measure 11 =========================-->
    <measure implicit="no" number="11">
      <note>
        <pitch>
          <step>G</step>
          <octave>4</octave>
        </pitch>
        <duration>60480</duration>
        <instrument id="Ic0cf48efe75e950cf5d524295cca8b87" />
        <type>whole</type>
        <dot />
      </note>
      <note>
        <pitch>
          <step>F</step>
          <octave>4</octave>
        </pitch>
        <duration>13440</duration>
        <instrument id="Ic0cf48efe75e950cf5d524295cca8b87" />
        <type>half</type>
        <time-modification>
          <actual-notes>3</actual-notes>
          <normal-notes>2</normal-notes>
          <normal-type>half</normal-type>
        </time-modification>
        <notations>
          <tuplet bracket="yes" number="1" placement="above" type="start">
            <tuplet-actual>
              <tuplet-number>3</tuplet-number>
              <tuplet-type>half</tuplet-type>
            </tuplet-actual>
            <tuplet-normal>
              <tuplet-number>2</tuplet-number>
              <tuplet-type>half</tuplet-type>
            </tuplet-normal>
          </tuplet>
        </notations>
      </note>
      <note>
        <pitch>
          <step>E</step>
          <octave>4</octave>
        </pitch>
        <duration>6720</duration>
        <tie type="start" />
        <instrument id="Ic0cf48efe75e950cf5d524295cca8b87" />
        <type>quarter</type>
        <time-modification>
          <actual-notes>3</actual-notes>
          <normal-notes>2</normal-notes>
          <normal-type>quarter</normal-type>
        </time-modification>
        <notations>
          <tied type="start" />
        </notations>
      </note>
      <forward>
        <duration>6720</duration>
      </forward>
      <note>
        <pitch>
          <step>F</step>
          <octave>4</octave>
        </pitch>
        <duration>13440</duration>
        <instrument id="Ic0cf48efe75e950cf5d524295cca8b87" />
        <type>half</type>
        <time-modification>
          <actual-notes>3</actual-notes>
          <normal-notes>2</normal-notes>
          <normal-type>half</normal-type>
        </time-modification>
        <notations>
          <tuplet number="1" type="stop" />
        </notations>
      </note>
      <note>
        <pitch>
          <step>G</step>
          <octave>4</octave>
        </pitch>
        <duration>13440</duration>
        <instrument id="Ic0cf48efe75e950cf5d524295cca8b87" />
        <type>half</type>
        <time-modification>
          <actual-notes>3</actual-notes>
          <normal-notes>2</normal-notes>
          <normal-type>half</normal-type>
        </time-modification>
        <notations>
          <tuplet bracket="yes" number="1" placement="above" type="start">
            <tuplet-actual>
              <tuplet-number>3</tuplet-number>
              <tuplet-type>half</tuplet-type>
            </tuplet-actual>
            <tuplet-normal>
              <tuplet-number>2</tuplet-number>
              <tuplet-type>half</tuplet-type>
            </tuplet-normal>
          </tuplet>
        </notations>
      </note>
      <note>
        <pitch>
          <step>F</step>
          <octave>4</octave>
        </pitch>
        <duration>13440</duration>
        <instrument id="Ic0cf48efe75e950cf5d524295cca8b87" />
        <type>half</type>
        <time-modification>
          <actual-notes>3</actual-notes>
          <normal-notes>2</normal-notes>
          <normal-type>half</normal-type>
        </time-modification>
        <notations>
          <tuplet number="1" type="stop" />
        </notations>
      </note>
      <note>
        <pitch>
          <step>D</step>
          <octave>4</octave>
        </pitch>
        <duration>60480</duration>
        <instrument id="Ic0cf48efe75e950cf5d524295cca8b87" />
        <type>whole</type>
        <dot />
      </note>
      <barline location="right">
        <bar-style>regular</bar-style>
      </barline>
    </measure>
    <!--========================= Measure 12 =========================-->
    <measure implicit="no" number="12">
      <note>
        <pitch>
          <step>E</step>
          <octave>4</octave>
        </pitch>
        <duration>6720</duration>
        <tie type="stop" />
        <instrument id="Ic0cf48efe75e950cf5d524295cca8b87" />
        <type>quarter</type>
        <time-modification>
          <actual-notes>3</actual-notes>
          <normal-notes>2</normal-notes>
          <normal-type>quarter</normal-type>
        </time-modification>
        <notations>
          <tied type="stop" />
          <tuplet bracket="no" number="1" placement="above" type="start">
            <tuplet-actual>
              <tuplet-number>3</tuplet-number>
              <tuplet-type>quarter</tuplet-type>
            </tuplet-actual>
            <tuplet-normal>
              <tuplet-number>2</tuplet-number>
              <tuplet-type>quarter</tuplet-type>
            </tuplet-normal>
          </tuplet>
          <tuplet number="1" type="stop" />
        </notations>
      </note>
      <note>
        <pitch>
          <step>C</step>
          <octave>4</octave>
        </pitch>
        <duration>40320</duration>
        <instrument id="Ic0cf48efe75e950cf5d524295cca8b87" />
        <type>whole</type>
      </note>
      <note>
        <rest />
        <duration>20160</duration>
        <type>half</type>
      </note>
      <note>
        <pitch>
          <step>F</step>
          <octave>4</octave>
        </pitch>
        <duration>20160</duration>
        <instrument id="Ic0cf48efe75e950cf5d524295cca8b87" />
        <type>half</type>
      </note>
      <barline location="right">
        <bar-style>regular</bar-style>
      </barline>
    </measure>
    <!--========================= Measure 13 =========================-->
    <measure implicit="no" number="13">
      <note>
        <pitch>
          <step>F</step>
          <octave>4</octave>
        </pitch>
        <duration>20160</duration>
        <instrument id="Ic0cf48efe75e950cf5d524295cca8b87" />
        <type>half</type>
      </note>
      <note>
        <pitch>
          <step>G</step>
          <octave>4</octave>
        </pitch>
        <duration>20160</duration>
        <instrument id="Ic0cf48efe75e950cf5d524295cca8b87" />
        <type>half</type>
      </note>
      <note>
        <pitch>
          <step>A</step>
          <octave>4</octave>
        </pitch>
        <duration>40320</duration>
        <instrument id="Ic0cf48efe75e950cf5d524295cca8b87" />
        <type>whole</type>
      </note>
      <barline location="right">
        <bar-style>regular</bar-style>
      </barline>
    </measure>
    <!--========================= Measure 14 =========================-->
    <measure implicit="no" number="14">
      <note>
        <rest />
        <duration>20160</duration>
        <type>half</type>
      </note>
      <note>
        <pitch>
          <step>A</step>
          <octave>4</octave>
        </pitch>
        <duration>20160</duration>
        <instrument id="Ic0cf48efe75e950cf5d524295cca8b87" />
        <type>half</type>
      </note>
      <note>
        <pitch>
          <step>G</step>
          <octave>4</octave>
        </pitch>
        <duration>20160</duration>
        <instrument id="Ic0cf48efe75e950cf5d524295cca8b87" />
        <type>half</type>
      </note>
      <note>
        <pitch>
          <step>F</step>
          <octave>4</octave>
        </pitch>
        <duration>20160</duration>
        <instrument id="Ic0cf48efe75e950cf5d524295cca8b87" />
        <type>half</type>
      </note>
      <barline location="right">
        <bar-style>regular</bar-style>
      </barline>
    </measure>
    <!--========================= Measure 15 =========================-->
    <measure implicit="no" number="15">
      <note>
        <pitch>
          <step>B</step>
          <alter>-1</alter>
          <octave>4</octave>
        </pitch>
        <duration>40320</duration>
        <instrument id="Ic0cf48efe75e950cf5d524295cca8b87" />
        <type>whole</type>
      </note>
      <note>
        <rest />
        <duration>20160</duration>
        <type>half</type>
      </note>
      <note>
        <pitch>
          <step>A</step>
          <octave>4</octave>
        </pitch>
        <duration>20160</duration>
        <instrument id="Ic0cf48efe75e950cf5d524295cca8b87" />
        <type>half</type>
      </note>
      <barline location="right">
        <bar-style>regular</bar-style>
      </barline>
    </measure>
    <!--========================= Measure 16 =========================-->
    <measure implicit="no" number="16">
      <note>
        <pitch>
          <step>A</step>
          <octave>4</octave>
        </pitch>
        <duration>60480</duration>
        <instrument id="Ic0cf48efe75e950cf5d524295cca8b87" />
        <type>whole</type>
        <dot />
      </note>
      <note>
        <pitch>
          <step>G</step>
          <octave>4</octave>
        </pitch>
        <duration>13440</duration>
        <instrument id="Ic0cf48efe75e950cf5d524295cca8b87" />
        <type>half</type>
        <time-modification>
          <actual-notes>3</actual-notes>
          <normal-notes>2</normal-notes>
          <normal-type>half</normal-type>
        </time-modification>
        <notations>
          <tuplet bracket="yes" number="1" placement="above" type="start">
            <tuplet-actual>
              <tuplet-number>3</tuplet-number>
              <tuplet-type>half</tuplet-type>
            </tuplet-actual>
            <tuplet-normal>
              <tuplet-number>2</tuplet-number>
              <tuplet-type>half</tuplet-type>
            </tuplet-normal>
          </tuplet>
        </notations>
      </note>
      <note>
        <pitch>
          <step>F</step>
          <octave>4</octave>
        </pitch>
        <duration>6720</duration>
        <tie type="start" />
        <instrument id="Ic0cf48efe75e950cf5d524295cca8b87" />
        <type>quarter</type>
        <time-modification>
          <actual-notes>3</actual-notes>
          <normal-notes>2</normal-notes>
          <normal-type>quarter</normal-type>
        </time-modification>
        <notations>
          <tied type="start" />
        </notations>
      </note>
      <forward>
        <duration>6720</duration>
      </forward>
      <note>
        <pitch>
          <step>E</step>
          <octave>4</octave>
        </pitch>
        <duration>13440</duration>
        <instrument id="Ic0cf48efe75e950cf5d524295cca8b87" />
        <type>half</type>
        <time-modification>
          <actual-notes>3</actual-notes>
          <normal-notes>2</normal-notes>
          <normal-type>half</normal-type>
        </time-modification>
        <notations>
          <tuplet number="1" type="stop" />
        </notations>
      </note>
      <note>
        <pitch>
          <step>F</step>
          <octave>4</octave>
        </pitch>
        <duration>13440</duration>
        <instrument id="Ic0cf48efe75e950cf5d524295cca8b87" />
        <type>half</type>
        <time-modification>
          <actual-notes>3</actual-notes>
          <normal-notes>2</normal-notes>
          <normal-type>half</normal-type>
        </time-modification>
        <notations>
          <tuplet number="1" type="stop" />
        </notations>
      </note>
      <barline location="right">
        <bar-style>regular</bar-style>
      </barline>
    </measure>
    <!--========================= Measure 17 =========================-->
    <measure implicit="no" number="17">
      <note>
        <pitch>
          <step>F</step>
          <octave>4</octave>
        </pitch>
        <duration>6720</duration>
        <tie type="stop" />
        <instrument id="Ic0cf48efe75e950cf5d524295cca8b87" />
        <type>quarter</type>
        <time-modification>
          <actual-notes>3</actual-notes>
          <normal-notes>2</normal-notes>
          <normal-type>quarter</normal-type>
        </time-modification>
        <notations>
          <tied type="stop" />
          <tuplet bracket="no" number="1" placement="above" type="start">
            <tuplet-actual>
              <tuplet-number>3</tuplet-number>
              <tuplet-type>quarter</tuplet-type>
            </tuplet-actual>
            <tuplet-normal>
              <tuplet-number>2</tuplet-number>
              <tuplet-type>quarter</tuplet-type>
            </tuplet-normal>
          </tuplet>
          <tuplet number="1" type="stop" />
        </notations>
      </note>
      <note>
        <pitch>
          <step>G</step>
          <octave>4</octave>
        </pitch>
        <duration>40320</duration>
        <instrument id="Ic0cf48efe75e950cf5d524295cca8b87" />
        <type>whole</type>
      </note>
      <note>
        <pitch>
          <step>F</step>
          <octave>4</octave>
        </pitch>
        <duration>20160</duration>
        <instrument id="Ic0cf48efe75e950cf5d524295cca8b87" />
        <type>half</type>
      </note>
      <note print-object="no" print-spacing="yes">
        <rest />
        <duration>20160</duration>
        <type>half</type>
      </note>
      <barline location="right">
        <bar-style>light-light</bar-style>
      </barline>
    </measure>
  </part>
</score-partwise>