<?xml version="1.0" encoding="utf-8"?>
<!DOCTYPE score-partwise  PUBLIC "-//Recordare//DTD MusicXML 4.0 Partwise//EN" "http://www.musicxml.org/dtds/partwise.dtd">
<score-partwise version="4.0">
  <work>
    <work-title>EI DU FEIN LIEBER SCHIFFSMANN MEIN</work-title>
  </work>
  <movement-title>EI DU FEIN LIEBER SCHIFFSMANN MEIN</movement-title>
  <identification>
    <creator type="electronicEditor">Helmut Schaffrath</creator>
    <encoding>
      <encoding-date>2024-04-06</encoding-date>
      <software>music21 v.9.1.0</software>
    </encoding>
    <miscellaneous>
      <miscellaneous-field name="dcterms:title">@{OTL} [@{SCT}]</miscellaneous-field>
      <miscellaneous-field name="humdrum:ARE">Europa, Mitteleuropa, Deutschland</miscellaneous-field>
      <miscellaneous-field name="humdrum:SCT">E0136A</miscellaneous-field>
      <miscellaneous-field name="humdrum:YEM">Copyright 1995, estate of Helmut Schaffrath.</miscellaneous-field>
      <miscellaneous-field name="humdrum:AGN">erzaehlendes Volks - Lied, Schalk -, Schelmen - Lied, Liebe     Ballade ?</miscellaneous-field>
      <miscellaneous-field name="humdrum:ONB">ESAC (Essen Associative Code) Database: ERK1</miscellaneous-field>
      <miscellaneous-field name="humdrum:AMT">simple duple</miscellaneous-field>
      <miscellaneous-field name="humdrum:AIN">vox</miscellaneous-field>
      <miscellaneous-field name="humdrum:EEV">1.0</miscellaneous-field>
    </miscellaneous>
  </identification>
  <defaults>
    <scaling>
      <millimeters>7</millimeters>
      <tenths>40</tenths>
    </scaling>
  </defaults>
  <part-list>
    <score-part id="P55b2303d0290b950e12256e941ced099">
      <part-name>Voice</part-name>
      <part-abbreviation>V</part-abbreviation>
      <score-instrument id="Ie96d15e69d783c8ffe6b7ea6b1116934">
        <instrument-name>Voice</instrument-name>
        <instrument-abbreviation>V</instrument-abbreviation>
      </score-instrument>
      <midi-instrument id="Ie96d15e69d783c8ffe6b7ea6b1116934">
        <midi-channel>1</midi-channel>
        <midi-program>54</midi-program>
      </midi-instrument>
    </score-part>
  </part-list>
  <!--=========================== Part 1 ===========================-->
  <part id="P55b2303d0290b950e12256e941ced099">
    <!--========================= Measure 1 ==========================-->
    <measure implicit="no" number="1">
      <attributes>
        <divisions>10080</divisions>
        <key>
          <fifths>4</fifths>
        </key>
        <time>
          <beats>2</beats>
          <beat-type>4</beat-type>
        </time>
      </attributes>
      <note>
        <pitch>
          <step>B</step>
          <octave>4</octave>
        </pitch>
        <duration>10080</duration>
        <instrument id="Ie96d15e69d783c8ffe6b7ea6b1116934" />
        <type>quarter</type>
      </note>
      <note>
        <pitch>
          <step>B</step>
          <octave>4</octave>
        </pitch>
        <duration>5040</duration>
        <instrument id="Ie96d15e69d783c8ffe6b7ea6b1116934" />
        <type>eighth</type>
        <beam number="1">begin</beam>
      </note>
      <note>
        <pitch>
          <step>A</step>
          <octave>4</octave>
        </pitch>
        <duration>5040</duration>
        <instrument id="Ie96d15e69d783c8ffe6b7ea6b1116934" />
        <type>eighth</type>
        <beam number="1">end</beam>
      </note>
      <barline location="right">
        <bar-style>regular</bar-style>
      </barline>
    </measure>
    <!--========================= Measure 2 ==========================-->
    <measure implicit="no" number="2">
      <note>
        <pitch>
          <step>G</step>
          <alter>1</alter>
          <octave>4</octave>
        </pitch>
        <duration>5040</duration>
        <instrument id="Ie96d15e69d783c8ffe6b7ea6b1116934" />
        <type>eighth</type>
        <beam number="1">begin</beam>
      </note>
      <note>
        <pitch>
          <step>B</step>
          <octave>4</octave>
        </pitch>
        <duration>5040</duration>
        <instrument id="Ie96d15e69d783c8ffe6b7ea6b1116934" />
        <type>eighth</type>
        <beam number="1">end</beam>
      </note>
      <note>
        <pitch>
          <step>E</step>
          <octave>5</octave>
        </pitch>
        <duration>5040</duration>
        <instrument id="Ie96d15e69d783c8ffe6b7ea6b1116934" />
        <type>eighth</type>
        <beam number="1">begin</beam>
      </note>
      <note>
        <pitch>
          <step>G</step>
          <alter>1</alter>
          <octave>4</octave>
        </pitch>
        <duration>5040</duration>
        <instrument id="Ie96d15e69d783c8ffe6b7ea6b1116934" />
        <type>eighth</type>
        <beam number="1">end</beam>
      </note>
      <barline location="right">
        <bar-style>regular</bar-style>
      </barline>
    </measure>
    <!--========================= Measure 3 ==========================-->
    <measure implicit="no" number="3">
      <note>
        <pitch>
          <step>B</step>
          <octave>4</octave>
        </pitch>
        <duration>10080</duration>
        <instrument id="Ie96d15e69d783c8ffe6b7ea6b1116934" />
        <type>quarter</type>
      </note>
      <note>
        <pitch>
          <step>A</step>
          <octave>4</octave>
        </pitch>
        <duration>10080</duration>
        <instrument id="Ie96d15e69d783c8ffe6b7ea6b1116934" />
        <type>quarter</type>
      </note>
      <barline location="right">
        <bar-style>regular</bar-style>
      </barline>
    </measure>
    <!--========================= Measure 4 ==========================-->
    <measure implicit="no" number="4">
      <note>
        <pitch>
          <step>G</step>
          <alter>1</alter>
          <octave>4</octave>
        </pitch>
        <duration>10080</duration>
        <instrument id="Ie96d15e69d783c8ffe6b7ea6b1116934" />
        <type>quarter</type>
      </note>
      <note>
        <pitch>
          <step>E</step>
          <octave>4</octave>
        </pitch>
        <duration>5040</duration>
        <instrument id="Ie96d15e69d783c8ffe6b7ea6b1116934" />
        <type>eighth</type>
      </note>
      <note>
        <rest />
        <duration>5040</duration>
        <type>eighth</type>
      </note>
      <barline location="right">
        <bar-style>regular</bar-style>
      </barline>
    </measure>
    <!--========================= Measure 5 ==========================-->
    <measure implicit="no" number="5">
      <note>
        <pitch>
          <step>B</step>
          <octave>4</octave>
        </pitch>
        <duration>10080</duration>
        <instrument id="Ie96d15e69d783c8ffe6b7ea6b1116934" />
        <type>quarter</type>
      </note>
      <note>
        <pitch>
          <step>B</step>
          <octave>4</octave>
        </pitch>
        <duration>5040</duration>
        <instrument id="Ie96d15e69d783c8ffe6b7ea6b1116934" />
        <type>eighth</type>
        <beam number="1">begin</beam>
      </note>
      <note>
        <pitch>
          <step>A</step>
          <octave>4</octave>
        </pitch>
        <duration>5040</duration>
        <instrument id="Ie96d15e69d783c8ffe6b7ea6b1116934" />
        <type>eighth</type>
        <beam number="1">end</beam>
      </note>
      <barline location="right">
        <bar-style>regular</bar-style>
      </barline>
    </measure>
    <!--========================= Measure 6 ==========================-->
    <measure implicit="no" number="6">
      <note>
        <pitch>
          <step>G</step>
          <alter>1</alter>
          <octave>4</octave>
        </pitch>
        <duration>5040</duration>
        <instrument id="Ie96d15e69d783c8ffe6b7ea6b1116934" />
        <type>eighth</type>
        <beam number="1">begin</beam>
      </note>
      <note>
        <pitch>
          <step>B</step>
          <octave>4</octave>
        </pitch>
        <duration>5040</duration>
        <instrument id="Ie96d15e69d783c8ffe6b7ea6b1116934" />
        <type>eighth</type>
        <beam number="1">end</beam>
      </note>
      <note>
        <pitch>
          <step>E</step>
          <octave>5</octave>
        </pitch>
        <duration>5040</duration>
        <instrument id="Ie96d15e69d783c8ffe6b7ea6b1116934" />
        <type>eighth</type>
        <beam number="1">begin</beam>
      </note>
      <note>
        <pitch>
          <step>G</step>
          <alter>1</alter>
          <octave>4</octave>
        </pitch>
        <duration>5040</duration>
        <instrument id="Ie96d15e69d783c8ffe6b7ea6b1116934" />
        <type>eighth</type>
        <beam number="1">end</beam>
      </note>
      <barline location="right">
        <bar-style>regular</bar-style>
      </barline>
    </measure>
    <!--========================= Measure 7 ==========================-->
    <measure implicit="no" number="7">
      <note>
        <pitch>
          <step>B</step>
          <octave>4</octave>
        </pitch>
        <duration>10080</duration>
        <instrument id="Ie96d15e69d783c8ffe6b7ea6b1116934" />
        <type>quarter</type>
      </note>
      <note>
        <pitch>
          <step>A</step>
          <octave>4</octave>
        </pitch>
        <duration>10080</duration>
        <instrument id="Ie96d15e69d783c8ffe6b7ea6b1116934" />
        <type>quarter</type>
      </note>
      <barline location="right">
        <bar-style>regular</bar-style>
      </barline>
    </measure>
    <!--========================= Measure 8 ==========================-->
    <measure implicit="no" number="8">
      <note>
        <pitch>
          <step>G</step>
          <alter>1</alter>
          <octave>4</octave>
        </pitch>
        <duration>10080</duration>
        <instrument id="Ie96d15e69d783c8ffe6b7ea6b1116934" />
        <type>quarter</type>
      </note>
      <note>
        <pitch>
          <step>E</step>
          <octave>4</octave>
        </pitch>
        <duration>5040</duration>
        <instrument id="Ie96d15e69d783c8ffe6b7ea6b1116934" />
        <type>eighth</type>
      </note>
      <note>
        <rest />
        <duration>5040</duration>
        <type>eighth</type>
      </note>
      <barline location="right">
        <bar-style>regular</bar-style>
      </barline>
    </measure>
    <!--========================= Measure 9 ==========================-->
    <measure implicit="no" number="9">
      <note>
        <pitch>
          <step>E</step>
          <octave>4</octave>
        </pitch>
        <duration>10080</duration>
        <instrument id="Ie96d15e69d783c8ffe6b7ea6b1116934" />
        <type>quarter</type>
      </note>
      <note>
        <pitch>
          <step>G</step>
          <alter>1</alter>
          <octave>4</octave>
        </pitch>
        <duration>5040</duration>
        <instrument id="Ie96d15e69d783c8ffe6b7ea6b1116934" />
        <type>eighth</type>
        <beam number="1">begin</beam>
      </note>
      <note>
        <pitch>
          <step>B</step>
          <octave>4</octave>
        </pitch>
        <duration>5040</duration>
        <instrument id="Ie96d15e69d783c8ffe6b7ea6b1116934" />
        <type>eighth</type>
        <beam number="1">end</beam>
      </note>
      <barline location="right">
        <bar-style>regular</bar-style>
      </barline>
    </measure>
    <!--========================= Measure 10 =========================-->
    <measure implicit="no" number="10">
      <note>
        <pitch>
          <step>E</step>
          <octave>4</octave>
        </pitch>
        <duration>10080</duration>
        <instrument id="Ie96d15e69d783c8ffe6b7ea6b1116934" />
        <type>quarter</type>
      </note>
      <note>
        <pitch>
          <step>G</step>
          <alter>1</alter>
          <octave>4</octave>
        </pitch>
        <duration>5040</duration>
        <instrument id="Ie96d15e69d783c8ffe6b7ea6b1116934" />
        <type>eighth</type>
        <beam number="1">begin</beam>
      </note>
      <note>
        <pitch>
          <step>B</step>
          <octave>4</octave>
        </pitch>
        <duration>5040</duration>
        <instrument id="Ie96d15e69d783c8ffe6b7ea6b1116934" />
        <type>eighth</type>
        <beam number="1">end</beam>
      </note>
      <barline location="right">
        <bar-style>regular</bar-style>
      </barline>
    </measure>
    <!--========================= Measure 11 =========================-->
    <measure implicit="no" number="11">
      <note>
        <pitch>
          <step>C</step>
          <alter>1</alter>
          <octave>5</octave>
        </pitch>
        <duration>5040</duration>
        <instrument id="Ie96d15e69d783c8ffe6b7ea6b1116934" />
        <type>eighth</type>
        <beam number="1">begin</beam>
      </note>
      <note>
        <pitch>
          <step>A</step>
          <octave>4</octave>
        </pitch>
        <duration>5040</duration>
        <instrument id="Ie96d15e69d783c8ffe6b7ea6b1116934" />
        <type>eighth</type>
        <beam number="1">end</beam>
      </note>
      <note>
        <pitch>
          <step>E</step>
          <octave>5</octave>
        </pitch>
        <duration>5040</duration>
        <instrument id="Ie96d15e69d783c8ffe6b7ea6b1116934" />
        <type>eighth</type>
        <beam number="1">begin</beam>
      </note>
      <note>
        <pitch>
          <step>C</step>
          <alter>1</alter>
          <octave>5</octave>
        </pitch>
        <duration>5040</duration>
        <instrument id="Ie96d15e69d783c8ffe6b7ea6b1116934" />
        <type>eighth</type>
        <beam number="1">end</beam>
      </note>
      <barline location="right">
        <bar-style>regular</bar-style>
      </barline>
    </measure>
    <!--========================= Measure 12 =========================-->
    <measure implicit="no" number="12">
      <note>
        <pitch>
          <step>B</step>
          <octave>4</octave>
        </pitch>
        <duration>10080</duration>
        <instrument id="Ie96d15e69d783c8ffe6b7ea6b1116934" />
        <type>quarter</type>
      </note>
      <note>
        <rest />
        <duration>10080</duration>
        <type>quarter</type>
      </note>
      <barline location="right">
        <bar-style>regular</bar-style>
      </barline>
    </measure>
    <!--========================= Measure 13 =========================-->
    <measure implicit="no" number="13">
      <note>
        <pitch>
          <step>D</step>
          <alter>1</alter>
          <octave>5</octave>
        </pitch>
        <duration>10080</duration>
        <instrument id="Ie96d15e69d783c8ffe6b7ea6b1116934" />
        <type>quarter</type>
      </note>
      <note>
        <pitch>
          <step>D</step>
          <alter>1</alter>
          <octave>5</octave>
        </pitch>
        <duration>10080</duration>
        <instrument id="Ie96d15e69d783c8ffe6b7ea6b1116934" />
        <type>quarter</type>
      </note>
      <barline location="right">
        <bar-style>regular</bar-style>
      </barline>
    </measure>
    <!--========================= Measure 14 =========================-->
    <measure implicit="no" number="14">
      <note>
        <pitch>
          <step>E</step>
          <octave>5</octave>
        </pitch>
        <duration>10080</duration>
        <instrument id="Ie96d15e69d783c8ffe6b7ea6b1116934" />
        <type>quarter</type>
      </note>
      <note>
        <pitch>
          <step>G</step>
          <alter>1</alter>
          <octave>4</octave>
        </pitch>
        <duration>5040</duration>
        <instrument id="Ie96d15e69d783c8ffe6b7ea6b1116934" />
        <type>eighth</type>
        <beam number="1">begin</beam>
      </note>
      <note>
        <pitch>
          <step>A</step>
          <octave>4</octave>
        </pitch>
        <duration>5040</duration>
        <instrument id="Ie96d15e69d783c8ffe6b7ea6b1116934" />
        <type>eighth</type>
        <beam number="1">end</beam>
      </note>
      <barline location="right">
        <bar-style>regular</bar-style>
      </barline>
    </measure>
    <!--========================= Measure 15 =========================-->
    <measure implicit="no" number="15">
      <note>
        <pitch>
          <step>B</step>
          <octave>4</octave>
        </pitch>
        <duration>20160</duration>
        <instrument id="Ie96d15e69d783c8ffe6b7ea6b1116934" />
        <type>half</type>
      </note>
      <barline location="right">
        <bar-style>regular</bar-style>
      </barline>
    </measure>
    <!--========================= Measure 16 =========================-->
    <measure implicit="no" number="16">
      <note>
        <pitch>
          <step>G</step>
          <alter>1</alter>
          <octave>4</octave>
        </pitch>
        <duration>10080</duration>
        <instrument id="Ie96d15e69d783c8ffe6b7ea6b1116934" />
        <type>quarter</type>
      </note>
      <note>
        <rest />
        <duration>10080</duration>
        <type>quarter</type>
      </note>
      <barline location="right">
        <bar-style>regular</bar-style>
      </barline>
    </measure>
    <!--========================= Measure 17 =========================-->
    <measure implicit="no" number="17">
      <note>
        <pitch>
          <step>E</step>
          <octave>4</octave>
        </pitch>
        <duration>10080</duration>
        <instrument id="Ie96d15e69d783c8ffe6b7ea6b1116934" />
        <type>quarter</type>
      </note>
      <note>
        <pitch>
          <step>G</step>
          <alter>1</alter>
          <octave>4</octave>
        </pitch>
        <duration>5040</duration>
        <instrument id="Ie96d15e69d783c8ffe6b7ea6b1116934" />
        <type>eighth</type>
        <beam number="1">begin</beam>
      </note>
      <note>
        <pitch>
          <step>B</step>
          <octave>4</octave>
        </pitch>
        <duration>5040</duration>
        <instrument id="Ie96d15e69d783c8ffe6b7ea6b1116934" />
        <type>eighth</type>
        <beam number="1">end</beam>
      </note>
      <barline location="right">
        <bar-style>regular</bar-style>
      </barline>
    </measure>
    <!--========================= Measure 18 =========================-->
    <measure implicit="no" number="18">
      <note>
        <pitch>
          <step>E</step>
          <octave>4</octave>
        </pitch>
        <duration>10080</duration>
        <instrument id="Ie96d15e69d783c8ffe6b7ea6b1116934" />
        <type>quarter</type>
      </note>
      <note>
        <pitch>
          <step>G</step>
          <alter>1</alter>
          <octave>4</octave>
        </pitch>
        <duration>5040</duration>
        <instrument id="Ie96d15e69d783c8ffe6b7ea6b1116934" />
        <type>eighth</type>
        <beam number="1">begin</beam>
      </note>
      <note>
        <pitch>
          <step>B</step>
          <octave>4</octave>
        </pitch>
        <duration>5040</duration>
        <instrument id="Ie96d15e69d783c8ffe6b7ea6b1116934" />
        <type>eighth</type>
        <beam number="1">end</beam>
      </note>
      <barline location="right">
        <bar-style>regular</bar-style>
      </barline>
    </measure>
    <!--========================= Measure 19 =========================-->
    <measure implicit="no" number="19">
      <note>
        <pitch>
          <step>A</step>
          <octave>4</octave>
        </pitch>
        <duration>10080</duration>
        <instrument id="Ie96d15e69d783c8ffe6b7ea6b1116934" />
        <type>quarter</type>
      </note>
      <note>
        <pitch>
          <step>C</step>
          <alter>1</alter>
          <octave>5</octave>
        </pitch>
        <duration>5040</duration>
        <instrument id="Ie96d15e69d783c8ffe6b7ea6b1116934" />
        <type>eighth</type>
        <beam number="1">begin</beam>
      </note>
      <note>
        <pitch>
          <step>E</step>
          <octave>5</octave>
        </pitch>
        <duration>5040</duration>
        <instrument id="Ie96d15e69d783c8ffe6b7ea6b1116934" />
        <type>eighth</type>
        <beam number="1">end</beam>
      </note>
      <barline location="right">
        <bar-style>regular</bar-style>
      </barline>
    </measure>
    <!--========================= Measure 20 =========================-->
    <measure implicit="no" number="20">
      <note>
        <pitch>
          <step>B</step>
          <octave>4</octave>
        </pitch>
        <duration>20160</duration>
        <instrument id="Ie96d15e69d783c8ffe6b7ea6b1116934" />
        <type>half</type>
      </note>
      <barline location="right">
        <bar-style>regular</bar-style>
      </barline>
    </measure>
    <!--========================= Measure 21 =========================-->
    <measure implicit="no" number="21">
      <note>
        <pitch>
          <step>D</step>
          <alter>1</alter>
          <octave>5</octave>
        </pitch>
        <duration>10080</duration>
        <instrument id="Ie96d15e69d783c8ffe6b7ea6b1116934" />
        <type>quarter</type>
      </note>
      <note>
        <pitch>
          <step>D</step>
          <alter>1</alter>
          <octave>5</octave>
        </pitch>
        <duration>10080</duration>
        <instrument id="Ie96d15e69d783c8ffe6b7ea6b1116934" />
        <type>quarter</type>
      </note>
      <barline location="right">
        <bar-style>regular</bar-style>
      </barline>
    </measure>
    <!--========================= Measure 22 =========================-->
    <measure implicit="no" number="22">
      <note>
        <pitch>
          <step>E</step>
          <octave>5</octave>
        </pitch>
        <duration>10080</duration>
        <instrument id="Ie96d15e69d783c8ffe6b7ea6b1116934" />
        <type>quarter</type>
      </note>
      <note>
        <pitch>
          <step>G</step>
          <alter>1</alter>
          <octave>4</octave>
        </pitch>
        <duration>5040</duration>
        <instrument id="Ie96d15e69d783c8ffe6b7ea6b1116934" />
        <type>eighth</type>
        <beam number="1">begin</beam>
      </note>
      <note>
        <pitch>
          <step>A</step>
          <octave>4</octave>
        </pitch>
        <duration>5040</duration>
        <instrument id="Ie96d15e69d783c8ffe6b7ea6b1116934" />
        <type>eighth</type>
        <beam number="1">end</beam>
      </note>
      <barline location="right">
        <bar-style>regular</bar-style>
      </barline>
    </measure>
    <!--========================= Measure 23 =========================-->
    <measure implicit="no" number="23">
      <note>
        <pitch>
          <step>B</step>
          <octave>4</octave>
        </pitch>
        <duration>10080</duration>
        <instrument id="Ie96d15e69d783c8ffe6b7ea6b1116934" />
        <type>quarter</type>
      </note>
      <note>
        <pitch>
          <step>G</step>
          <alter>1</alter>
          <octave>5</octave>
        </pitch>
        <duration>5040</duration>
        <instrument id="Ie96d15e69d783c8ffe6b7ea6b1116934" />
        <type>eighth</type>
        <beam number="1">begin</beam>
      </note>
      <note>
        <pitch>
          <step>F</step>
          <alter>1</alter>
          <octave>5</octave>
        </pitch>
        <duration>5040</duration>
        <instrument id="Ie96d15e69d783c8ffe6b7ea6b1116934" />
        <type>eighth</type>
        <beam number="1">end</beam>
      </note>
      <barline location="right">
        <bar-style>regular</bar-style>
      </barline>
    </measure>
    <!--========================= Measure 24 =========================-->
    <measure implicit="no" number="24">
      <note>
        <pitch>
          <step>E</step>
          <octave>5</octave>
        </pitch>
        <duration>10080</duration>
        <instrument id="Ie96d15e69d783c8ffe6b7ea6b1116934" />
        <type>quarter</type>
      </note>
      <note>
        <rest />
        <duration>10080</duration>
        <type>quarter</type>
      </note>
      <barline location="right">
        <bar-style>regular</bar-style>
      </barline>
    </measure>
    <!--========================= Measure 25 =========================-->
    <measure implicit="no" number="25">
      <note>
        <pitch>
          <step>E</step>
          <octave>4</octave>
        </pitch>
        <duration>10080</duration>
        <instrument id="Ie96d15e69d783c8ffe6b7ea6b1116934" />
        <type>quarter</type>
      </note>
      <note>
        <pitch>
          <step>G</step>
          <alter>1</alter>
          <octave>4</octave>
        </pitch>
        <duration>5040</duration>
        <instrument id="Ie96d15e69d783c8ffe6b7ea6b1116934" />
        <type>eighth</type>
        <beam number="1">begin</beam>
      </note>
      <note>
        <pitch>
          <step>B</step>
          <octave>4</octave>
        </pitch>
        <duration>5040</duration>
        <instrument id="Ie96d15e69d783c8ffe6b7ea6b1116934" />
        <type>eighth</type>
        <beam number="1">end</beam>
      </note>
      <barline location="right">
        <bar-style>regular</bar-style>
      </barline>
    </measure>
    <!--========================= Measure 26 =========================-->
    <measure implicit="no" number="26">
      <note>
        <pitch>
          <step>E</step>
          <octave>4</octave>
        </pitch>
        <duration>10080</duration>
        <instrument id="Ie96d15e69d783c8ffe6b7ea6b1116934" />
        <type>quarter</type>
      </note>
      <note>
        <pitch>
          <step>G</step>
          <alter>1</alter>
          <octave>4</octave>
        </pitch>
        <duration>5040</duration>
        <instrument id="Ie96d15e69d783c8ffe6b7ea6b1116934" />
        <type>eighth</type>
        <beam number="1">begin</beam>
      </note>
      <note>
        <pitch>
          <step>B</step>
          <octave>4</octave>
        </pitch>
        <duration>5040</duration>
        <instrument id="Ie96d15e69d783c8ffe6b7ea6b1116934" />
        <type>eighth</type>
        <beam number="1">end</beam>
      </note>
      <barline location="right">
        <bar-style>regular</bar-style>
      </barline>
    </measure>
    <!--========================= Measure 27 =========================-->
    <measure implicit="no" number="27">
      <note>
        <pitch>
          <step>A</step>
          <octave>4</octave>
        </pitch>
        <duration>10080</duration>
        <instrument id="Ie96d15e69d783c8ffe6b7ea6b1116934" />
        <type>quarter</type>
      </note>
      <note>
        <pitch>
          <step>C</step>
          <alter>1</alter>
          <octave>5</octave>
        </pitch>
        <duration>5040</duration>
        <instrument id="Ie96d15e69d783c8ffe6b7ea6b1116934" />
        <type>eighth</type>
        <beam number="1">begin</beam>
      </note>
      <note>
        <pitch>
          <step>E</step>
          <octave>5</octave>
        </pitch>
        <duration>5040</duration>
        <instrument id="Ie96d15e69d783c8ffe6b7ea6b1116934" />
        <type>eighth</type>
        <beam number="1">end</beam>
      </note>
      <barline location="right">
        <bar-style>regular</bar-style>
      </barline>
    </measure>
    <!--========================= Measure 28 =========================-->
    <measure implicit="no" number="28">
      <note>
        <pitch>
          <step>B</step>
          <octave>4</octave>
        </pitch>
        <duration>20160</duration>
        <instrument id="Ie96d15e69d783c8ffe6b7ea6b1116934" />
        <type>half</type>
      </note>
      <barline location="right">
        <bar-style>regular</bar-style>
      </barline>
    </measure>
    <!--========================= Measure 29 =========================-->
    <measure implicit="no" number="29">
      <note>
        <pitch>
          <step>D</step>
          <alter>1</alter>
          <octave>5</octave>
        </pitch>
        <duration>10080</duration>
        <instrument id="Ie96d15e69d783c8ffe6b7ea6b1116934" />
        <type>quarter</type>
      </note>
      <note>
        <pitch>
          <step>D</step>
          <alter>1</alter>
          <octave>5</octave>
        </pitch>
        <duration>10080</duration>
        <instrument id="Ie96d15e69d783c8ffe6b7ea6b1116934" />
        <type>quarter</type>
      </note>
      <barline location="right">
        <bar-style>regular</bar-style>
      </barline>
    </measure>
    <!--========================= Measure 30 =========================-->
    <measure implicit="no" number="30">
      <note>
        <pitch>
          <step>E</step>
          <octave>5</octave>
        </pitch>
        <duration>10080</duration>
        <instrument id="Ie96d15e69d783c8ffe6b7ea6b1116934" />
        <type>quarter</type>
      </note>
      <note>
        <pitch>
          <step>G</step>
          <alter>1</alter>
          <octave>4</octave>
        </pitch>
        <duration>5040</duration>
        <instrument id="Ie96d15e69d783c8ffe6b7ea6b1116934" />
        <type>eighth</type>
        <beam number="1">begin</beam>
      </note>
      <note>
        <pitch>
          <step>A</step>
          <octave>4</octave>
        </pitch>
        <duration>5040</duration>
        <instrument id="Ie96d15e69d783c8ffe6b7ea6b1116934" />
        <type>eighth</type>
        <beam number="1">end</beam>
      </note>
      <barline location="right">
        <bar-style>regular</bar-style>
      </barline>
    </measure>
    <!--========================= Measure 31 =========================-->
    <measure implicit="no" number="31">
      <note>
        <pitch>
          <step>B</step>
          <octave>4</octave>
        </pitch>
        <duration>10080</duration>
        <instrument id="Ie96d15e69d783c8ffe6b7ea6b1116934" />
        <type>quarter</type>
      </note>
      <note>
        <pitch>
          <step>G</step>
          <alter>1</alter>
          <octave>5</octave>
        </pitch>
        <duration>5040</duration>
        <instrument id="Ie96d15e69d783c8ffe6b7ea6b1116934" />
        <type>eighth</type>
        <beam number="1">begin</beam>
      </note>
      <note>
        <pitch>
          <step>F</step>
          <alter>1</alter>
          <octave>5</octave>
        </pitch>
        <duration>5040</duration>
        <instrument id="Ie96d15e69d783c8ffe6b7ea6b1116934" />
        <type>eighth</type>
        <beam number="1">end</beam>
      </note>
      <barline location="right">
        <bar-style>regular</bar-style>
      </barline>
    </measure>
    <!--========================= Measure 32 =========================-->
    <measure implicit="no" number="32">
      <note>
        <pitch>
          <step>E</step>
          <octave>5</octave>
        </pitch>
        <duration>10080</duration>
        <instrument id="Ie96d15e69d783c8ffe6b7ea6b1116934" />
        <type>quarter</type>
      </note>
      <note>
        <rest />
        <duration>10080</duration>
        <type>quarter</type>
      </note>
      <barline location="right">
        <bar-style>light-light</bar-style>
      </barline>
    </measure>
  </part>
</score-partwise>