<?xml version="1.0" encoding="utf-8"?>
<!DOCTYPE score-partwise  PUBLIC "-//Recordare//DTD MusicXML 4.0 Partwise//EN" "http://www.musicxml.org/dtds/partwise.dtd">
<score-partwise version="4.0">
  <work>
    <work-title>Aber Montag, da ist a Knoedltag, wenns nur all Tag Montag Knoedltag waere</work-title>
  </work>
  <movement-title>Aber Montag, da ist a Knoedltag, wenns nur all Tag Montag Knoedltag waere</movement-title>
  <identification>
    <creator type="electronicEditor">Helmut Schaffrath</creator>
    <encoding>
      <encoding-date>2024-04-06</encoding-date>
      <software>music21 v.9.1.0</software>
    </encoding>
    <miscellaneous>
      <miscellaneous-field name="dcterms:title">@{OTL} [@{SCT}]</miscellaneous-field>
      <miscellaneous-field name="humdrum:ARE">Europa, Mitteleuropa, Deutschland, Oberfranken</miscellaneous-field>
      <miscellaneous-field name="humdrum:SCT">D0144</miscellaneous-field>
      <miscellaneous-field name="humdrum:YEM">Copyright 1995, estate of Helmut Schaffrath.</miscellaneous-field>
      <miscellaneous-field name="humdrum:AGN">Scherz - Lied</miscellaneous-field>
      <miscellaneous-field name="humdrum:ONB">ESAC (Essen Associative Code) Database: DVA</miscellaneous-field>
      <miscellaneous-field name="humdrum:AMT">irregular</miscellaneous-field>
      <miscellaneous-field name="humdrum:AIN">vox</miscellaneous-field>
      <miscellaneous-field name="humdrum:EEV">1.0</miscellaneous-field>
    </miscellaneous>
  </identification>
  <defaults>
    <scaling>
      <millimeters>7</millimeters>
      <tenths>40</tenths>
    </scaling>
  </defaults>
  <part-list>
    <score-part id="Pe181409e5aab08c92fdec7f0f9a43a20">
      <part-name>Voice</part-name>
      <part-abbreviation>V</part-abbreviation>
      <score-instrument id="I040a973e449f6084cfdbfe3d133a8fb6">
        <instrument-name>Voice</instrument-name>
        <instrument-abbreviation>V</instrument-abbreviation>
      </score-instrument>
      <midi-instrument id="I040a973e449f6084cfdbfe3d133a8fb6">
        <midi-channel>1</midi-channel>
        <midi-program>54</midi-program>
      </midi-instrument>
    </score-part>
  </part-list>
  <!--=========================== Part 1 ===========================-->
  <part id="Pe181409e5aab08c92fdec7f0f9a43a20">
    <!--========================= Measure 0 ==========================-->
    <measure implicit="no" number="0">
      <attributes>
        <divisions>10080</divisions>
        <key>
          <fifths>1</fifths>
        </key>
      </attributes>
      <note>
        <pitch>
          <step>D</step>
          <octave>4</octave>
        </pitch>
        <duration>10080</duration>
        <instrument id="I040a973e449f6084cfdbfe3d133a8fb6" />
        <type>quarter</type>
      </note>
      <note>
        <pitch>
          <step>D</step>
          <octave>4</octave>
        </pitch>
        <duration>10080</duration>
        <instrument id="I040a973e449f6084cfdbfe3d133a8fb6" />
        <type>quarter</type>
      </note>
      <note>
        <pitch>
          <step>B</step>
          <octave>4</octave>
        </pitch>
        <duration>20160</duration>
        <instrument id="I040a973e449f6084cfdbfe3d133a8fb6" />
        <type>half</type>
      </note>
      <note>
        <pitch>
          <step>G</step>
          <octave>4</octave>
        </pitch>
        <duration>30240</duration>
        <instrument id="I040a973e449f6084cfdbfe3d133a8fb6" />
        <type>half</type>
        <dot />
      </note>
      <note>
        <pitch>
          <step>D</step>
          <octave>4</octave>
        </pitch>
        <duration>10080</duration>
        <instrument id="I040a973e449f6084cfdbfe3d133a8fb6" />
        <type>quarter</type>
      </note>
      <note>
        <pitch>
          <step>D</step>
          <octave>4</octave>
        </pitch>
        <duration>10080</duration>
        <instrument id="I040a973e449f6084cfdbfe3d133a8fb6" />
        <type>quarter</type>
      </note>
      <note>
        <pitch>
          <step>D</step>
          <octave>4</octave>
        </pitch>
        <duration>10080</duration>
        <instrument id="I040a973e449f6084cfdbfe3d133a8fb6" />
        <type>quarter</type>
      </note>
      <note>
        <pitch>
          <step>B</step>
          <octave>4</octave>
        </pitch>
        <duration>10080</duration>
        <instrument id="I040a973e449f6084cfdbfe3d133a8fb6" />
        <type>quarter</type>
      </note>
      <note>
        <pitch>
          <step>B</step>
          <octave>4</octave>
        </pitch>
        <duration>10080</duration>
        <instrument id="I040a973e449f6084cfdbfe3d133a8fb6" />
        <type>quarter</type>
      </note>
      <note>
        <pitch>
          <step>G</step>
          <octave>4</octave>
        </pitch>
        <duration>30240</duration>
        <instrument id="I040a973e449f6084cfdbfe3d133a8fb6" />
        <type>half</type>
        <dot />
      </note>
      <note>
        <rest />
        <duration>10080</duration>
        <type>quarter</type>
      </note>
    </measure>
    <!--========================= Measure 1 ==========================-->
    <measure implicit="no" number="1">
      <note>
        <pitch>
          <step>D</step>
          <octave>4</octave>
        </pitch>
        <duration>10080</duration>
        <instrument id="I040a973e449f6084cfdbfe3d133a8fb6" />
        <type>quarter</type>
      </note>
      <barline location="right">
        <bar-style>regular</bar-style>
      </barline>
    </measure>
    <!--========================= Measure 2 ==========================-->
    <measure implicit="no" number="2">
      <note>
        <pitch>
          <step>B</step>
          <octave>4</octave>
        </pitch>
        <duration>10080</duration>
        <instrument id="I040a973e449f6084cfdbfe3d133a8fb6" />
        <type>quarter</type>
      </note>
      <note>
        <pitch>
          <step>B</step>
          <octave>4</octave>
        </pitch>
        <duration>10080</duration>
        <instrument id="I040a973e449f6084cfdbfe3d133a8fb6" />
        <type>quarter</type>
      </note>
      <note>
        <pitch>
          <step>B</step>
          <octave>4</octave>
        </pitch>
        <duration>10080</duration>
        <instrument id="I040a973e449f6084cfdbfe3d133a8fb6" />
        <type>quarter</type>
      </note>
      <note>
        <pitch>
          <step>B</step>
          <octave>4</octave>
        </pitch>
        <duration>10080</duration>
        <instrument id="I040a973e449f6084cfdbfe3d133a8fb6" />
        <type>quarter</type>
      </note>
      <note>
        <pitch>
          <step>B</step>
          <octave>4</octave>
        </pitch>
        <duration>10080</duration>
        <instrument id="I040a973e449f6084cfdbfe3d133a8fb6" />
        <type>quarter</type>
      </note>
      <note>
        <pitch>
          <step>B</step>
          <octave>4</octave>
        </pitch>
        <duration>5040</duration>
        <instrument id="I040a973e449f6084cfdbfe3d133a8fb6" />
        <type>eighth</type>
      </note>
      <note>
        <pitch>
          <step>B</step>
          <octave>4</octave>
        </pitch>
        <duration>5040</duration>
        <instrument id="I040a973e449f6084cfdbfe3d133a8fb6" />
        <type>eighth</type>
      </note>
      <note>
        <pitch>
          <step>B</step>
          <octave>4</octave>
        </pitch>
        <duration>10080</duration>
        <instrument id="I040a973e449f6084cfdbfe3d133a8fb6" />
        <type>quarter</type>
      </note>
      <note>
        <pitch>
          <step>D</step>
          <octave>5</octave>
        </pitch>
        <duration>20160</duration>
        <instrument id="I040a973e449f6084cfdbfe3d133a8fb6" />
        <type>half</type>
      </note>
      <note>
        <pitch>
          <step>C</step>
          <octave>5</octave>
        </pitch>
        <duration>20160</duration>
        <instrument id="I040a973e449f6084cfdbfe3d133a8fb6" />
        <type>half</type>
      </note>
      <note>
        <pitch>
          <step>A</step>
          <octave>4</octave>
        </pitch>
        <duration>10080</duration>
        <instrument id="I040a973e449f6084cfdbfe3d133a8fb6" />
        <type>quarter</type>
      </note>
      <barline location="right">
        <bar-style>regular</bar-style>
      </barline>
    </measure>
    <!--========================= Measure 3 ==========================-->
    <measure implicit="no" number="3">
      <note>
        <pitch>
          <step>C</step>
          <octave>5</octave>
        </pitch>
        <duration>10080</duration>
        <instrument id="I040a973e449f6084cfdbfe3d133a8fb6" />
        <type>quarter</type>
      </note>
      <note>
        <pitch>
          <step>C</step>
          <octave>5</octave>
        </pitch>
        <duration>5040</duration>
        <instrument id="I040a973e449f6084cfdbfe3d133a8fb6" />
        <type>eighth</type>
      </note>
      <note>
        <pitch>
          <step>C</step>
          <octave>5</octave>
        </pitch>
        <duration>5040</duration>
        <instrument id="I040a973e449f6084cfdbfe3d133a8fb6" />
        <type>eighth</type>
      </note>
      <note>
        <pitch>
          <step>C</step>
          <octave>5</octave>
        </pitch>
        <duration>10080</duration>
        <instrument id="I040a973e449f6084cfdbfe3d133a8fb6" />
        <type>quarter</type>
      </note>
      <note>
        <pitch>
          <step>C</step>
          <octave>5</octave>
        </pitch>
        <duration>5040</duration>
        <instrument id="I040a973e449f6084cfdbfe3d133a8fb6" />
        <type>eighth</type>
      </note>
      <note>
        <pitch>
          <step>C</step>
          <octave>5</octave>
        </pitch>
        <duration>5040</duration>
        <instrument id="I040a973e449f6084cfdbfe3d133a8fb6" />
        <type>eighth</type>
      </note>
      <note>
        <pitch>
          <step>C</step>
          <octave>5</octave>
        </pitch>
        <duration>10080</duration>
        <instrument id="I040a973e449f6084cfdbfe3d133a8fb6" />
        <type>quarter</type>
      </note>
      <note>
        <pitch>
          <step>E</step>
          <octave>5</octave>
        </pitch>
        <duration>10080</duration>
        <instrument id="I040a973e449f6084cfdbfe3d133a8fb6" />
        <type>quarter</type>
      </note>
      <note>
        <pitch>
          <step>E</step>
          <octave>5</octave>
        </pitch>
        <duration>10080</duration>
        <instrument id="I040a973e449f6084cfdbfe3d133a8fb6" />
        <type>quarter</type>
      </note>
      <note>
        <pitch>
          <step>D</step>
          <octave>5</octave>
        </pitch>
        <duration>20160</duration>
        <instrument id="I040a973e449f6084cfdbfe3d133a8fb6" />
        <type>half</type>
      </note>
      <note>
        <pitch>
          <step>B</step>
          <octave>4</octave>
        </pitch>
        <duration>20160</duration>
        <instrument id="I040a973e449f6084cfdbfe3d133a8fb6" />
        <type>half</type>
      </note>
      <note>
        <pitch>
          <step>G</step>
          <octave>4</octave>
        </pitch>
        <duration>10080</duration>
        <instrument id="I040a973e449f6084cfdbfe3d133a8fb6" />
        <type>quarter</type>
      </note>
      <barline location="right">
        <bar-style>regular</bar-style>
      </barline>
    </measure>
    <!--========================= Measure 4 ==========================-->
    <measure implicit="no" number="4">
      <note>
        <pitch>
          <step>B</step>
          <octave>4</octave>
        </pitch>
        <duration>10080</duration>
        <instrument id="I040a973e449f6084cfdbfe3d133a8fb6" />
        <type>quarter</type>
      </note>
      <note>
        <pitch>
          <step>B</step>
          <octave>4</octave>
        </pitch>
        <duration>5040</duration>
        <instrument id="I040a973e449f6084cfdbfe3d133a8fb6" />
        <type>eighth</type>
      </note>
      <note>
        <pitch>
          <step>B</step>
          <octave>4</octave>
        </pitch>
        <duration>5040</duration>
        <instrument id="I040a973e449f6084cfdbfe3d133a8fb6" />
        <type>eighth</type>
      </note>
      <note>
        <pitch>
          <step>B</step>
          <octave>4</octave>
        </pitch>
        <duration>10080</duration>
        <instrument id="I040a973e449f6084cfdbfe3d133a8fb6" />
        <type>quarter</type>
      </note>
      <note>
        <pitch>
          <step>B</step>
          <octave>4</octave>
        </pitch>
        <duration>5040</duration>
        <instrument id="I040a973e449f6084cfdbfe3d133a8fb6" />
        <type>eighth</type>
      </note>
      <note>
        <pitch>
          <step>B</step>
          <octave>4</octave>
        </pitch>
        <duration>5040</duration>
        <instrument id="I040a973e449f6084cfdbfe3d133a8fb6" />
        <type>eighth</type>
      </note>
      <note>
        <pitch>
          <step>B</step>
          <octave>4</octave>
        </pitch>
        <duration>10080</duration>
        <instrument id="I040a973e449f6084cfdbfe3d133a8fb6" />
        <type>quarter</type>
      </note>
      <note>
        <pitch>
          <step>D</step>
          <octave>5</octave>
        </pitch>
        <duration>20160</duration>
        <instrument id="I040a973e449f6084cfdbfe3d133a8fb6" />
        <type>half</type>
      </note>
      <note>
        <pitch>
          <step>C</step>
          <octave>5</octave>
        </pitch>
        <duration>20160</duration>
        <instrument id="I040a973e449f6084cfdbfe3d133a8fb6" />
        <type>half</type>
      </note>
      <note>
        <pitch>
          <step>B</step>
          <octave>4</octave>
        </pitch>
        <duration>30240</duration>
        <instrument id="I040a973e449f6084cfdbfe3d133a8fb6" />
        <type>half</type>
        <dot />
      </note>
      <note>
        <rest />
        <duration>10080</duration>
        <type>quarter</type>
      </note>
      <barline location="right">
        <bar-style>light-light</bar-style>
      </barline>
    </measure>
  </part>
</score-partwise>